0.000000000000000000e+00,2.557999999999999829e+01
8.338028169014084778e-02,2.557000000000000028e+01
1.667605633802816956e-01,2.642999999999999972e+01
2.501408450704225572e-01,2.696000000000000085e+01
3.335211267605633911e-01,2.658999999999999986e+01
4.169014084507042250e-01,2.660999999999999943e+01
5.002816901408451145e-01,2.619000000000000128e+01
5.836619718309858929e-01,2.598999999999999844e+01
6.670422535211267823e-01,2.621999999999999886e+01
7.504225352112676717e-01,2.582000000000000028e+01
8.338028169014084501e-01,2.585999999999999943e+01
9.171830985915493395e-01,2.578999999999999915e+01
1.000563380281690229e+00,2.632999999999999829e+01
1.083943661971831007e+00,2.617999999999999972e+01
1.167323943661971786e+00,2.682999999999999829e+01
1.250704225352112786e+00,2.726999999999999957e+01
1.334084507042253565e+00,2.716000000000000014e+01
1.417464788732394343e+00,2.716000000000000014e+01
1.500845070422535343e+00,2.662000000000000099e+01
1.584225352112676122e+00,2.653999999999999915e+01
1.667605633802816900e+00,2.651000000000000156e+01
1.750985915492957901e+00,2.639999999999999858e+01
1.834366197183098679e+00,2.635000000000000142e+01
1.917746478873239457e+00,2.601000000000000156e+01
2.001126760563380458e+00,2.585999999999999943e+01
2.084507042253521014e+00,2.614000000000000057e+01
2.167887323943662015e+00,2.676000000000000156e+01
2.251267605633803015e+00,2.700000000000000000e+01
2.334647887323943571e+00,2.725000000000000000e+01
2.418028169014084572e+00,2.716000000000000014e+01
2.501408450704225572e+00,2.691000000000000014e+01
2.584788732394366129e+00,2.601999999999999957e+01
2.668169014084507129e+00,2.573000000000000043e+01
2.751549295774648130e+00,2.578999999999999915e+01
2.834929577464788686e+00,2.585999999999999943e+01
2.918309859154929686e+00,2.571000000000000085e+01
3.001690140845070687e+00,2.578999999999999915e+01
3.085070422535211243e+00,2.575000000000000000e+01
3.168450704225352244e+00,2.594999999999999929e+01
3.251830985915493244e+00,2.710000000000000142e+01
3.335211267605633800e+00,2.732999999999999829e+01
3.418591549295774801e+00,2.721000000000000085e+01
3.501971830985915801e+00,2.664999999999999858e+01
3.585352112676056358e+00,2.648000000000000043e+01
3.668732394366197358e+00,2.641000000000000014e+01
3.752112676056338358e+00,2.596000000000000085e+01
3.835492957746478915e+00,2.587999999999999901e+01
3.918873239436619915e+00,2.589000000000000057e+01
4.002253521126760916e+00,2.564000000000000057e+01
4.085633802816901472e+00,2.569999999999999929e+01
4.169014084507042028e+00,2.585000000000000142e+01
4.252394366197183473e+00,2.682999999999999829e+01
4.335774647887324029e+00,2.700000000000000000e+01
4.419154929577464586e+00,2.696000000000000085e+01
4.502535211267606030e+00,2.621999999999999886e+01
4.585915492957746586e+00,2.582000000000000028e+01
4.669295774647887143e+00,2.562000000000000099e+01
4.752676056338028587e+00,2.548999999999999844e+01
4.836056338028169144e+00,2.532999999999999829e+01
4.919436619718309700e+00,2.544999999999999929e+01
5.002816901408451145e+00,2.587000000000000099e+01
5.086197183098591701e+00,2.639000000000000057e+01
5.169577464788732257e+00,2.666000000000000014e+01
5.252957746478873702e+00,2.689999999999999858e+01
5.336338028169014258e+00,2.676999999999999957e+01
5.419718309859154814e+00,2.692000000000000171e+01
5.503098591549296259e+00,2.637000000000000099e+01
5.586478873239436815e+00,2.605999999999999872e+01
5.669859154929577372e+00,2.583999999999999986e+01
5.753239436619718816e+00,2.589999999999999858e+01
5.836619718309859373e+00,2.601000000000000156e+01
5.919999999999999929e+00,2.582999999999999829e+01
6.003380281690141373e+00,2.562999999999999901e+01
6.086760563380281930e+00,2.555999999999999872e+01
6.170140845070422486e+00,2.612999999999999901e+01
6.253521126760563931e+00,2.658999999999999986e+01
6.336901408450704487e+00,2.678000000000000114e+01
6.420281690140845043e+00,2.725000000000000000e+01
6.503661971830986488e+00,2.687999999999999901e+01
6.587042253521127044e+00,2.671000000000000085e+01
6.670422535211267601e+00,2.673000000000000043e+01
6.753802816901409045e+00,2.685000000000000142e+01
6.837183098591549602e+00,2.680000000000000071e+01
6.920563380281690158e+00,2.680999999999999872e+01
7.003943661971831602e+00,2.692999999999999972e+01
7.087323943661972159e+00,2.721999999999999886e+01
7.170704225352112715e+00,2.778000000000000114e+01
7.254084507042254160e+00,2.826999999999999957e+01
7.337464788732394716e+00,2.862000000000000099e+01
7.420845070422535272e+00,2.867000000000000171e+01
7.504225352112676717e+00,2.864000000000000057e+01
7.587605633802817273e+00,2.842000000000000171e+01
7.670985915492957830e+00,2.850000000000000000e+01
7.754366197183099274e+00,2.867999999999999972e+01
7.837746478873239830e+00,2.873999999999999844e+01
7.921126760563380387e+00,2.907000000000000028e+01
8.004507042253521831e+00,2.898999999999999844e+01
8.087887323943661499e+00,2.919000000000000128e+01
8.171267605633802944e+00,2.857000000000000028e+01
8.254647887323944389e+00,2.869000000000000128e+01
8.338028169014084057e+00,2.869000000000000128e+01
8.421408450704225501e+00,2.860999999999999943e+01
8.504788732394366946e+00,2.748000000000000043e+01
8.588169014084506614e+00,2.676000000000000156e+01
8.671549295774648058e+00,2.642999999999999972e+01
8.754929577464789503e+00,2.619999999999999929e+01
8.838309859154929171e+00,2.594999999999999929e+01
8.921690140845070616e+00,2.582999999999999829e+01
9.005070422535212060e+00,2.603000000000000114e+01
9.088450704225351728e+00,2.657999999999999829e+01
9.171830985915493173e+00,2.701999999999999957e+01
9.255211267605634617e+00,2.739999999999999858e+01
9.338591549295774286e+00,2.703000000000000114e+01
9.421971830985915730e+00,2.701999999999999957e+01
9.505352112676057175e+00,2.646000000000000085e+01
9.588732394366196843e+00,2.617999999999999972e+01
9.672112676056338287e+00,2.592999999999999972e+01
9.755492957746479732e+00,2.580000000000000071e+01
9.838873239436619400e+00,2.551999999999999957e+01
9.922253521126760845e+00,2.555999999999999872e+01
1.000563380281690229e+01,2.557999999999999829e+01
1.008901408450704196e+01,2.603000000000000114e+01
1.017239436619718340e+01,2.662999999999999901e+01
1.025577464788732485e+01,2.719999999999999929e+01
1.033915492957746451e+01,2.714999999999999858e+01
1.042253521126760596e+01,2.707999999999999829e+01
1.050591549295774740e+01,2.669999999999999929e+01
1.058929577464788707e+01,2.662999999999999901e+01
1.067267605633802852e+01,2.671999999999999886e+01
1.075605633802816996e+01,2.689999999999999858e+01
1.083943661971830963e+01,2.689999999999999858e+01
1.092281690140845107e+01,2.676999999999999957e+01
1.100619718309859252e+01,2.687000000000000099e+01
1.108957746478873219e+01,2.698999999999999844e+01
1.117295774647887363e+01,2.757999999999999829e+01
1.125633802816901508e+01,2.817999999999999972e+01
1.133971830985915474e+01,2.803000000000000114e+01
1.142309859154929619e+01,2.792000000000000171e+01
1.150647887323943763e+01,2.696000000000000085e+01
1.158985915492957730e+01,2.671000000000000085e+01
1.167323943661971875e+01,2.642000000000000171e+01
1.175661971830986019e+01,2.630999999999999872e+01
1.183999999999999986e+01,2.605999999999999872e+01
1.192338028169014130e+01,2.621999999999999886e+01
1.200676056338028275e+01,2.612999999999999901e+01
1.209014084507042242e+01,2.621000000000000085e+01
1.217352112676056386e+01,2.673000000000000043e+01
1.225690140845070530e+01,2.787000000000000099e+01
1.234028169014084497e+01,2.787999999999999901e+01
1.242366197183098642e+01,2.728999999999999915e+01
1.250704225352112786e+01,2.664999999999999858e+01
1.259042253521126753e+01,2.655000000000000071e+01
1.267380281690140897e+01,2.623999999999999844e+01
1.275718309859155042e+01,2.607999999999999829e+01
1.284056338028169009e+01,2.573999999999999844e+01
1.292394366197183153e+01,2.582999999999999829e+01
1.300732394366197298e+01,2.612000000000000099e+01
1.309070422535211264e+01,2.626999999999999957e+01
1.317408450704225409e+01,2.685999999999999943e+01
1.325746478873239553e+01,2.753999999999999915e+01
1.334084507042253520e+01,2.748999999999999844e+01
1.342422535211267665e+01,2.748000000000000043e+01
1.350760563380281809e+01,2.721000000000000085e+01
1.359098591549295776e+01,2.685000000000000142e+01
1.367436619718309920e+01,2.657999999999999829e+01
1.375774647887324065e+01,2.632000000000000028e+01
1.384112676056338032e+01,2.642999999999999972e+01
1.392450704225352176e+01,2.644000000000000128e+01
1.400788732394366320e+01,2.646999999999999886e+01
1.409126760563380287e+01,2.675000000000000000e+01
1.417464788732394432e+01,2.726000000000000156e+01
1.425802816901408576e+01,2.803000000000000114e+01
1.434140845070422543e+01,2.826000000000000156e+01
1.442478873239436687e+01,2.755000000000000071e+01
1.450816901408450832e+01,2.751000000000000156e+01
1.459154929577464799e+01,2.707999999999999829e+01
1.467492957746478943e+01,2.694000000000000128e+01
1.475830985915493088e+01,2.701999999999999957e+01
1.484169014084507054e+01,2.694999999999999929e+01
1.492507042253521199e+01,2.692999999999999972e+01
1.500845070422535343e+01,2.669999999999999929e+01
1.509183098591549310e+01,2.703000000000000114e+01
1.517521126760563455e+01,2.737999999999999901e+01
1.525859154929577599e+01,2.775000000000000000e+01
1.534197183098591566e+01,2.830000000000000071e+01
1.542535211267605710e+01,2.785000000000000142e+01
1.550873239436619855e+01,2.730000000000000071e+01
1.559211267605633822e+01,2.721000000000000085e+01
1.567549295774647966e+01,2.726999999999999957e+01
1.575887323943662111e+01,2.744999999999999929e+01
1.584225352112676077e+01,2.746000000000000085e+01
1.592563380281690222e+01,2.760999999999999943e+01
1.600901408450704366e+01,2.675000000000000000e+01
1.609239436619718333e+01,2.667000000000000171e+01
1.617577464788732300e+01,2.714999999999999858e+01
1.625915492957746622e+01,2.739999999999999858e+01
1.634253521126760589e+01,2.701999999999999957e+01
1.642591549295774556e+01,2.678999999999999915e+01
1.650929577464788878e+01,2.625000000000000000e+01
1.659267605633802845e+01,2.585000000000000142e+01
1.667605633802816811e+01,2.553999999999999915e+01
1.675943661971831133e+01,2.558999999999999986e+01
1.684281690140845100e+01,2.530999999999999872e+01
1.692619718309859067e+01,2.514999999999999858e+01
1.700957746478873389e+01,2.589999999999999858e+01
1.709295774647887356e+01,2.573999999999999844e+01
1.717633802816901323e+01,2.607999999999999829e+01
1.725971830985915645e+01,2.658999999999999986e+01
1.734309859154929612e+01,2.671999999999999886e+01
1.742647887323943579e+01,2.712000000000000099e+01
1.750985915492957901e+01,2.667999999999999972e+01
1.759323943661971867e+01,2.625000000000000000e+01
1.767661971830985834e+01,2.641000000000000014e+01
1.776000000000000156e+01,2.660999999999999943e+01
1.784338028169014123e+01,2.669000000000000128e+01
1.792676056338028090e+01,2.673999999999999844e+01
1.801014084507042412e+01,2.673000000000000043e+01
1.809352112676056379e+01,2.742000000000000171e+01
1.817690140845070346e+01,2.766000000000000014e+01
1.826028169014084668e+01,2.807000000000000028e+01
1.834366197183098635e+01,2.833999999999999986e+01
1.842704225352112601e+01,2.808999999999999986e+01
1.851042253521126923e+01,2.778000000000000114e+01
1.859380281690140890e+01,2.780000000000000071e+01
1.867718309859154857e+01,2.732999999999999829e+01
1.876056338028169179e+01,2.816000000000000014e+01
1.884394366197183146e+01,2.885999999999999943e+01
1.892732394366197113e+01,2.826000000000000156e+01
1.901070422535211435e+01,2.855999999999999872e+01
1.909408450704225402e+01,2.823999999999999844e+01
1.917746478873239369e+01,2.808999999999999986e+01
1.926084507042253691e+01,2.823000000000000043e+01
1.934422535211267657e+01,2.819000000000000128e+01
1.942760563380281624e+01,2.778000000000000114e+01
1.951098591549295946e+01,2.646999999999999886e+01
1.959436619718309913e+01,2.587999999999999901e+01
1.967774647887323880e+01,2.582999999999999829e+01
1.976112676056338202e+01,2.542000000000000171e+01
1.984450704225352169e+01,2.557000000000000028e+01
1.992788732394366136e+01,2.533999999999999986e+01
2.001126760563380458e+01,2.408999999999999986e+01
2.009464788732394425e+01,2.464999999999999858e+01
2.017802816901408391e+01,2.610999999999999943e+01
2.026140845070422714e+01,2.662999999999999901e+01
2.034478873239436680e+01,2.687000000000000099e+01
2.042816901408450647e+01,2.682000000000000028e+01
2.051154929577464969e+01,2.630000000000000071e+01
2.059492957746478936e+01,2.550000000000000000e+01
2.067830985915492903e+01,2.546000000000000085e+01
2.076169014084507225e+01,2.546999999999999886e+01
2.084507042253521192e+01,2.557999999999999829e+01
2.092845070422535159e+01,2.589999999999999858e+01
2.101183098591549481e+01,2.612999999999999901e+01
2.109521126760563448e+01,2.651000000000000156e+01
2.117859154929577414e+01,2.719000000000000128e+01
2.126197183098591736e+01,2.792000000000000171e+01
2.134535211267605703e+01,2.798999999999999844e+01
2.142873239436619670e+01,2.796999999999999886e+01
2.151211267605633992e+01,2.733999999999999986e+01
2.159549295774647959e+01,2.692999999999999972e+01
2.167887323943661926e+01,2.667000000000000171e+01
2.176225352112676248e+01,2.669999999999999929e+01
2.184563380281690215e+01,2.671000000000000085e+01
2.192901408450704182e+01,2.660000000000000142e+01
2.201239436619718504e+01,2.607999999999999829e+01
2.209577464788732470e+01,2.642000000000000171e+01
2.217915492957746437e+01,2.667999999999999972e+01
2.226253521126760759e+01,2.712000000000000099e+01
2.234591549295774726e+01,2.714000000000000057e+01
2.242929577464788693e+01,2.712000000000000099e+01
2.251267605633803015e+01,2.660000000000000142e+01
2.259605633802816982e+01,2.625000000000000000e+01
2.267943661971830949e+01,2.567999999999999972e+01
2.276281690140845271e+01,2.519000000000000128e+01
2.284619718309859238e+01,2.503000000000000114e+01
2.292957746478873204e+01,2.541000000000000014e+01
2.301295774647887526e+01,2.535000000000000142e+01
2.309633802816901493e+01,2.560000000000000142e+01
2.317971830985915460e+01,2.601999999999999957e+01
2.326309859154929782e+01,2.646999999999999886e+01
2.334647887323943749e+01,2.655000000000000071e+01
2.342985915492957716e+01,2.650000000000000000e+01
2.351323943661972038e+01,2.591000000000000014e+01
2.359661971830986005e+01,2.557999999999999829e+01
2.367999999999999972e+01,2.548000000000000043e+01
2.376338028169014294e+01,2.537000000000000099e+01
2.384676056338028260e+01,2.535000000000000142e+01
2.393014084507042227e+01,2.558999999999999986e+01
2.401352112676056549e+01,2.548999999999999844e+01
2.409690140845070516e+01,2.562999999999999901e+01
2.418028169014084483e+01,2.619999999999999929e+01
2.426366197183098805e+01,2.685000000000000142e+01
2.434704225352112772e+01,2.687000000000000099e+01
2.443042253521126739e+01,2.685000000000000142e+01
2.451380281690141061e+01,2.633999999999999986e+01
2.459718309859155028e+01,2.607000000000000028e+01
2.468056338028168994e+01,2.564999999999999858e+01
2.476394366197183317e+01,2.591000000000000014e+01
2.484732394366197283e+01,2.573000000000000043e+01
2.493070422535211250e+01,2.610999999999999943e+01
2.501408450704225572e+01,2.585000000000000142e+01
2.509746478873239539e+01,2.628000000000000114e+01
2.518084507042253506e+01,2.685999999999999943e+01
2.526422535211267828e+01,2.760000000000000142e+01
2.534760563380281795e+01,2.782999999999999829e+01
2.543098591549295762e+01,2.746999999999999886e+01
2.551436619718310084e+01,2.696000000000000085e+01
2.559774647887324051e+01,2.723000000000000043e+01
2.568112676056338017e+01,2.717000000000000171e+01
2.576450704225352339e+01,2.705000000000000071e+01
2.584788732394366306e+01,2.710000000000000142e+01
2.593126760563380273e+01,2.707000000000000028e+01
2.601464788732394595e+01,2.673999999999999844e+01
2.609802816901408562e+01,2.685000000000000142e+01
2.618140845070422529e+01,2.741000000000000014e+01
2.626478873239436851e+01,2.776000000000000156e+01
2.634816901408450818e+01,2.782000000000000028e+01
2.643154929577464785e+01,2.748000000000000043e+01
2.651492957746479107e+01,2.766000000000000014e+01
2.659830985915493073e+01,2.792000000000000171e+01
2.668169014084507040e+01,2.778999999999999915e+01
2.676507042253521362e+01,2.782999999999999829e+01
2.684845070422535329e+01,2.816000000000000014e+01
2.693183098591549296e+01,2.814000000000000057e+01
2.701521126760563618e+01,2.807000000000000028e+01
2.709859154929577585e+01,2.789999999999999858e+01
2.718197183098591552e+01,2.780000000000000071e+01
2.726535211267605874e+01,2.755000000000000071e+01
2.734873239436619841e+01,2.769000000000000128e+01
2.743211267605633807e+01,2.766000000000000014e+01
2.751549295774648130e+01,2.728999999999999915e+01
2.759887323943662096e+01,2.673000000000000043e+01
2.768225352112676063e+01,2.651000000000000156e+01
2.776563380281690385e+01,2.617000000000000171e+01
2.784901408450704352e+01,2.603999999999999915e+01
2.793239436619718319e+01,2.619000000000000128e+01
2.801577464788732641e+01,2.607000000000000028e+01
2.809915492957746608e+01,2.619000000000000128e+01
2.818253521126760575e+01,2.646999999999999886e+01
2.826591549295774897e+01,2.716000000000000014e+01
2.834929577464788863e+01,2.728000000000000114e+01
2.843267605633802830e+01,2.739999999999999858e+01
2.851605633802817152e+01,2.658999999999999986e+01
2.859943661971831119e+01,2.610999999999999943e+01
2.868281690140845086e+01,2.655999999999999872e+01
2.876619718309859408e+01,2.639999999999999858e+01
2.884957746478873375e+01,2.600000000000000000e+01
2.893295774647887342e+01,2.580000000000000071e+01
2.901633802816901664e+01,2.582999999999999829e+01
2.909971830985915631e+01,2.605000000000000071e+01
2.918309859154929597e+01,2.669000000000000128e+01
2.926647887323943920e+01,2.742999999999999972e+01
2.934985915492957886e+01,2.789999999999999858e+01
2.943323943661971853e+01,2.778000000000000114e+01
2.951661971830986175e+01,2.719999999999999929e+01
2.960000000000000142e+01,2.751000000000000156e+01
2.968338028169014109e+01,2.717999999999999972e+01
2.976676056338028431e+01,2.766000000000000014e+01
2.985014084507042398e+01,2.794000000000000128e+01
2.993352112676056365e+01,2.808999999999999986e+01
3.001690140845070687e+01,2.798999999999999844e+01
3.010028169014084654e+01,2.805999999999999872e+01
3.018366197183098620e+01,2.825000000000000000e+01
3.026704225352112942e+01,2.842999999999999972e+01
3.035042253521126909e+01,2.839999999999999858e+01
3.043380281690140876e+01,2.844999999999999929e+01
3.051718309859155198e+01,2.796999999999999886e+01
3.060056338028169165e+01,2.764999999999999858e+01
3.068394366197183132e+01,2.730999999999999872e+01
3.076732394366197454e+01,2.714999999999999858e+01
3.085070422535211421e+01,2.678999999999999915e+01
3.093408450704225388e+01,2.719000000000000128e+01
3.101746478873239710e+01,2.739999999999999858e+01
3.110084507042253676e+01,2.705999999999999872e+01
3.118422535211267643e+01,2.730000000000000071e+01
3.126760563380281965e+01,2.764000000000000057e+01
3.135098591549295932e+01,2.767999999999999972e+01
3.143436619718309899e+01,2.742999999999999972e+01
3.151774647887324221e+01,2.692999999999999972e+01
3.160112676056338188e+01,2.650000000000000000e+01
3.168450704225352155e+01,2.644999999999999929e+01
3.176788732394366477e+01,2.642000000000000171e+01
3.185126760563380444e+01,2.626000000000000156e+01
3.193464788732394410e+01,2.623999999999999844e+01
3.201802816901408733e+01,2.607999999999999829e+01
3.210140845070422699e+01,2.650000000000000000e+01
3.218478873239436666e+01,2.698999999999999844e+01
3.226816901408450633e+01,2.796999999999999886e+01
3.235154929577464600e+01,2.833999999999999986e+01
3.243492957746479277e+01,2.844999999999999929e+01
3.251830985915493244e+01,2.867000000000000171e+01
3.260169014084507211e+01,2.808999999999999986e+01
3.268507042253521178e+01,2.819000000000000128e+01
3.276845070422535144e+01,2.812999999999999901e+01
3.285183098591549111e+01,2.819000000000000128e+01
3.293521126760563789e+01,2.798000000000000043e+01
3.301859154929577755e+01,2.791000000000000014e+01
3.310197183098591722e+01,2.769000000000000128e+01
3.318535211267605689e+01,2.805000000000000071e+01
3.326873239436619656e+01,2.812999999999999901e+01
3.335211267605633623e+01,2.776999999999999957e+01
3.343549295774648300e+01,2.798000000000000043e+01
3.351887323943662267e+01,2.673999999999999844e+01
3.360225352112676234e+01,2.655000000000000071e+01
3.368563380281690200e+01,2.614999999999999858e+01
3.376901408450704167e+01,2.630999999999999872e+01
3.385239436619718134e+01,2.589000000000000057e+01
3.393577464788732811e+01,2.557000000000000028e+01
3.401915492957746778e+01,2.583999999999999986e+01
3.410253521126760745e+01,2.596999999999999886e+01
3.418591549295774712e+01,2.639999999999999858e+01
3.426929577464788679e+01,2.705000000000000071e+01
3.435267605633802646e+01,2.746999999999999886e+01
3.443605633802817323e+01,2.782999999999999829e+01
3.451943661971831290e+01,2.798000000000000043e+01
3.460281690140845257e+01,2.742000000000000171e+01
3.468619718309859223e+01,2.676000000000000156e+01
3.476957746478873190e+01,2.764999999999999858e+01
3.485295774647887157e+01,2.680999999999999872e+01
3.493633802816901834e+01,2.744000000000000128e+01
3.501971830985915801e+01,2.726000000000000156e+01
3.510309859154929768e+01,2.748000000000000043e+01
3.518647887323943735e+01,2.817999999999999972e+01
3.526985915492957702e+01,2.805999999999999872e+01
3.535323943661971668e+01,2.894000000000000128e+01
3.543661971830986346e+01,2.828000000000000114e+01
3.552000000000000313e+01,2.805000000000000071e+01
3.560338028169014279e+01,2.792000000000000171e+01
3.568676056338028246e+01,2.817999999999999972e+01
3.577014084507042213e+01,2.785000000000000142e+01
3.585352112676056180e+01,2.748000000000000043e+01
3.593690140845070857e+01,2.776000000000000156e+01
3.602028169014084824e+01,2.746999999999999886e+01
3.610366197183098791e+01,2.744000000000000128e+01
3.618704225352112758e+01,2.805999999999999872e+01
3.627042253521126725e+01,2.821999999999999886e+01
3.635380281690140691e+01,2.787999999999999901e+01
3.643718309859155369e+01,2.782999999999999829e+01
3.652056338028169336e+01,2.673000000000000043e+01
3.660394366197183302e+01,2.651000000000000156e+01
3.668732394366197269e+01,2.594000000000000128e+01
3.677070422535211236e+01,2.587000000000000099e+01
3.685408450704225203e+01,2.632999999999999829e+01
3.693746478873239880e+01,2.607000000000000028e+01
3.702084507042253847e+01,2.601000000000000156e+01
3.710422535211267814e+01,2.635999999999999943e+01
3.718760563380281781e+01,2.682999999999999829e+01
3.727098591549295747e+01,2.721000000000000085e+01
3.735436619718309714e+01,2.739000000000000057e+01
3.743774647887324392e+01,2.728000000000000114e+01
3.752112676056338358e+01,2.667999999999999972e+01
3.760450704225352325e+01,2.621999999999999886e+01
3.768788732394366292e+01,2.687999999999999901e+01
3.777126760563380259e+01,2.648000000000000043e+01
3.785464788732394226e+01,2.639999999999999858e+01
3.793802816901408903e+01,2.648999999999999844e+01
3.802140845070422870e+01,2.630000000000000071e+01
3.810478873239436837e+01,2.682999999999999829e+01
3.818816901408450804e+01,2.662999999999999901e+01
3.827154929577464770e+01,2.721999999999999886e+01
3.835492957746478737e+01,2.741000000000000014e+01
3.843830985915493414e+01,2.746999999999999886e+01
3.852169014084507381e+01,2.658999999999999986e+01
3.860507042253521348e+01,2.648000000000000043e+01
3.868845070422535315e+01,2.623000000000000043e+01
3.877183098591549282e+01,2.623000000000000043e+01
3.885521126760563249e+01,2.578000000000000114e+01
3.893859154929577926e+01,2.542999999999999972e+01
3.902197183098591893e+01,2.628999999999999915e+01
3.910535211267605860e+01,2.587999999999999901e+01
3.918873239436619826e+01,2.671999999999999886e+01
3.927211267605633793e+01,2.708999999999999986e+01
3.935549295774647760e+01,2.750000000000000000e+01
3.943887323943662437e+01,2.658999999999999986e+01
3.952225352112676404e+01,2.621999999999999886e+01
3.960563380281690371e+01,2.589999999999999858e+01
3.968901408450704338e+01,2.589999999999999858e+01
3.977239436619718305e+01,2.548999999999999844e+01
3.985577464788732271e+01,2.514999999999999858e+01
3.993915492957746949e+01,2.551000000000000156e+01
4.002253521126760916e+01,2.564999999999999858e+01
4.010591549295774882e+01,2.612000000000000099e+01
4.018929577464788849e+01,2.646000000000000085e+01
4.027267605633802816e+01,2.658999999999999986e+01
4.035605633802816783e+01,2.646000000000000085e+01
4.043943661971831460e+01,2.664999999999999858e+01
4.052281690140845427e+01,2.635000000000000142e+01
4.060619718309859394e+01,2.598000000000000043e+01
4.068957746478873361e+01,2.546000000000000085e+01
4.077295774647887328e+01,2.580000000000000071e+01
4.085633802816901294e+01,2.612999999999999901e+01
4.093971830985915972e+01,2.594999999999999929e+01
4.102309859154929939e+01,2.601000000000000156e+01
4.110647887323943905e+01,2.617999999999999972e+01
4.118985915492957872e+01,2.644000000000000128e+01
4.127323943661971839e+01,2.666000000000000014e+01
4.135661971830985806e+01,2.682000000000000028e+01
4.144000000000000483e+01,2.705000000000000071e+01
4.152338028169014450e+01,2.701000000000000156e+01
4.160676056338028417e+01,2.658999999999999986e+01
4.169014084507042384e+01,2.696999999999999886e+01
4.177352112676056350e+01,2.692999999999999972e+01
4.185690140845070317e+01,2.750000000000000000e+01
4.194028169014084995e+01,2.755000000000000071e+01
4.202366197183098961e+01,2.812999999999999901e+01
4.210704225352112928e+01,2.758999999999999986e+01
4.219042253521126895e+01,2.794999999999999929e+01
4.227380281690140862e+01,2.835000000000000142e+01
4.235718309859154829e+01,2.787000000000000099e+01
4.244056338028169506e+01,2.744000000000000128e+01
4.252394366197183473e+01,2.712000000000000099e+01
4.260732394366197440e+01,2.648000000000000043e+01
4.269070422535211407e+01,2.685000000000000142e+01
4.277408450704225373e+01,2.660000000000000142e+01
4.285746478873239340e+01,2.682000000000000028e+01
4.294084507042253307e+01,2.610000000000000142e+01
4.302422535211267984e+01,2.637999999999999901e+01
4.310760563380281951e+01,2.694000000000000128e+01
4.319098591549295918e+01,2.742000000000000171e+01
4.327436619718309885e+01,2.700000000000000000e+01
4.335774647887323852e+01,2.757999999999999829e+01
4.344112676056337818e+01,2.753000000000000114e+01
4.352450704225352496e+01,2.707999999999999829e+01
4.360788732394366463e+01,2.678999999999999915e+01
4.369126760563380429e+01,2.680000000000000071e+01
4.377464788732394396e+01,2.676000000000000156e+01
4.385802816901408363e+01,2.744999999999999929e+01
4.394140845070422330e+01,2.742999999999999972e+01
4.402478873239437007e+01,2.728000000000000114e+01
4.410816901408450974e+01,2.755999999999999872e+01
4.419154929577464941e+01,2.757999999999999829e+01
4.427492957746478908e+01,2.846000000000000085e+01
4.435830985915492874e+01,2.787000000000000099e+01
4.444169014084506841e+01,2.776999999999999957e+01
4.452507042253521519e+01,2.775000000000000000e+01
4.460845070422535485e+01,2.780000000000000071e+01
4.469183098591549452e+01,2.742999999999999972e+01
4.477521126760563419e+01,2.698999999999999844e+01
4.485859154929577386e+01,2.696000000000000085e+01
4.494197183098591353e+01,2.726999999999999957e+01
4.502535211267606030e+01,2.746000000000000085e+01
4.510873239436619997e+01,2.741000000000000014e+01
4.519211267605633964e+01,2.775000000000000000e+01
4.527549295774647931e+01,2.823999999999999844e+01
4.535887323943661897e+01,2.837999999999999901e+01
4.544225352112675864e+01,2.878000000000000114e+01
4.552563380281690542e+01,2.728999999999999915e+01
4.560901408450704508e+01,2.692999999999999972e+01
4.569239436619718475e+01,2.692000000000000171e+01
4.577577464788732442e+01,2.696999999999999886e+01
4.585915492957746409e+01,2.651000000000000156e+01
4.594253521126760376e+01,2.635999999999999943e+01
4.602591549295775053e+01,2.646000000000000085e+01
4.610929577464789020e+01,2.616000000000000014e+01
4.619267605633802987e+01,2.671999999999999886e+01
4.627605633802816953e+01,2.714000000000000057e+01
4.635943661971830920e+01,2.764000000000000057e+01
4.644281690140844887e+01,2.732000000000000028e+01
4.652619718309859564e+01,2.612000000000000099e+01
4.660957746478873531e+01,2.539000000000000057e+01
4.669295774647887498e+01,2.539000000000000057e+01
4.677633802816901465e+01,2.537000000000000099e+01
4.685971830985915432e+01,2.492999999999999972e+01
4.694309859154929399e+01,2.494999999999999929e+01
4.702647887323944076e+01,2.501999999999999957e+01
4.710985915492958043e+01,2.555999999999999872e+01
4.719323943661972010e+01,2.662000000000000099e+01
4.727661971830985976e+01,2.748000000000000043e+01
4.735999999999999943e+01,2.757000000000000028e+01
4.744338028169013910e+01,2.764999999999999858e+01
4.752676056338028587e+01,2.717999999999999972e+01
4.761014084507042554e+01,2.703000000000000114e+01
4.769352112676056521e+01,2.673000000000000043e+01
4.777690140845070488e+01,2.676999999999999957e+01
4.786028169014084455e+01,2.623000000000000043e+01
4.794366197183098421e+01,2.587000000000000099e+01
4.802704225352113099e+01,2.573999999999999844e+01
4.811042253521127066e+01,2.594000000000000128e+01
4.819380281690141032e+01,2.630000000000000071e+01
4.827718309859154999e+01,2.721000000000000085e+01
4.836056338028168966e+01,2.769999999999999929e+01
4.844394366197182933e+01,2.805999999999999872e+01
4.852732394366197610e+01,2.714999999999999858e+01
4.861070422535211577e+01,2.700000000000000000e+01
4.869408450704225544e+01,2.716000000000000014e+01
4.877746478873239511e+01,2.766000000000000014e+01
4.886084507042253477e+01,2.789000000000000057e+01
4.894422535211267444e+01,2.789000000000000057e+01
4.902760563380282122e+01,2.817999999999999972e+01
4.911098591549296088e+01,2.800000000000000000e+01
4.919436619718310055e+01,2.816000000000000014e+01
4.927774647887324022e+01,2.846000000000000085e+01
4.936112676056337989e+01,2.848999999999999844e+01
4.944450704225351956e+01,2.828999999999999915e+01
4.952788732394366633e+01,2.762999999999999901e+01
4.961126760563380600e+01,2.750000000000000000e+01
4.969464788732394567e+01,2.726000000000000156e+01
4.977802816901408534e+01,2.687000000000000099e+01
4.986140845070422500e+01,2.628999999999999915e+01
4.994478873239436467e+01,2.692999999999999972e+01
5.002816901408451145e+01,2.721999999999999886e+01
5.011154929577465111e+01,2.737000000000000099e+01
5.019492957746479078e+01,2.778999999999999915e+01
5.027830985915493045e+01,2.760999999999999943e+01
5.036169014084507012e+01,2.766000000000000014e+01
5.044507042253520979e+01,2.798000000000000043e+01
5.052845070422535656e+01,2.737000000000000099e+01
5.061183098591549623e+01,2.701000000000000156e+01
5.069521126760563590e+01,2.701999999999999957e+01
5.077859154929577556e+01,2.721999999999999886e+01
5.086197183098591523e+01,2.657000000000000028e+01
5.094535211267605490e+01,2.657000000000000028e+01
5.102873239436620167e+01,2.701000000000000156e+01
5.111211267605634134e+01,2.625000000000000000e+01
5.119549295774648101e+01,2.583999999999999986e+01
5.127887323943662068e+01,2.721999999999999886e+01
5.136225352112676035e+01,2.694000000000000128e+01
5.144563380281690002e+01,2.746999999999999886e+01
5.152901408450704679e+01,2.694999999999999929e+01
5.161239436619718646e+01,2.658999999999999986e+01
5.169577464788732613e+01,2.657999999999999829e+01
5.177915492957746579e+01,2.676999999999999957e+01
5.186253521126760546e+01,2.562000000000000099e+01
5.194591549295774513e+01,2.608999999999999986e+01
5.202929577464789190e+01,2.603999999999999915e+01
5.211267605633803157e+01,2.669000000000000128e+01
5.219605633802817124e+01,2.732999999999999829e+01
5.227943661971831091e+01,2.723000000000000043e+01
5.236281690140845058e+01,2.808999999999999986e+01
5.244619718309859024e+01,2.725000000000000000e+01
5.252957746478873702e+01,2.678000000000000114e+01
5.261295774647887669e+01,2.608999999999999986e+01
5.269633802816901635e+01,2.637999999999999901e+01
5.277971830985915602e+01,2.648000000000000043e+01
5.286309859154929569e+01,2.633999999999999986e+01
5.294647887323943536e+01,2.605999999999999872e+01
5.302985915492958213e+01,2.617000000000000171e+01
5.311323943661972180e+01,2.600000000000000000e+01
5.319661971830986147e+01,2.641000000000000014e+01
5.328000000000000114e+01,2.721999999999999886e+01
5.336338028169014081e+01,2.762000000000000099e+01
5.344676056338028047e+01,2.753999999999999915e+01
5.353014084507042725e+01,2.703000000000000114e+01
5.361352112676056691e+01,2.707000000000000028e+01
5.369690140845070658e+01,2.739999999999999858e+01
5.378028169014084625e+01,2.751999999999999957e+01
5.386366197183098592e+01,2.751999999999999957e+01
5.394704225352112559e+01,2.760000000000000142e+01
5.403042253521127236e+01,2.703999999999999915e+01
5.411380281690141203e+01,2.739000000000000057e+01
5.419718309859155170e+01,2.764999999999999858e+01
5.428056338028169137e+01,2.775000000000000000e+01
5.436394366197183103e+01,2.701999999999999957e+01
5.444732394366197070e+01,2.701999999999999957e+01
5.453070422535211748e+01,2.625000000000000000e+01
5.461408450704225714e+01,2.608999999999999986e+01
5.469746478873239681e+01,2.589000000000000057e+01
5.478084507042253648e+01,2.628000000000000114e+01
5.486422535211267615e+01,2.555999999999999872e+01
5.494760563380281582e+01,2.592999999999999972e+01
5.503098591549296259e+01,2.555000000000000071e+01
5.511436619718310226e+01,2.628999999999999915e+01
5.519774647887324193e+01,2.673000000000000043e+01
5.528112676056338159e+01,2.725000000000000000e+01
5.536450704225352126e+01,2.746999999999999886e+01
5.544788732394366093e+01,2.751000000000000156e+01
5.553126760563380770e+01,2.773000000000000043e+01
5.561464788732394737e+01,2.755000000000000071e+01
5.569802816901408704e+01,2.751999999999999957e+01
5.578140845070422671e+01,2.757999999999999829e+01
5.586478873239436638e+01,2.766000000000000014e+01
5.594816901408450605e+01,2.819000000000000128e+01
5.603154929577465282e+01,2.810000000000000142e+01
5.611492957746479249e+01,2.805999999999999872e+01
5.619830985915493216e+01,2.844000000000000128e+01
5.628169014084507182e+01,2.878000000000000114e+01
5.636507042253521149e+01,2.869000000000000128e+01
5.644845070422535116e+01,2.828999999999999915e+01
5.653183098591549793e+01,2.785999999999999943e+01
5.661521126760563760e+01,2.703000000000000114e+01
5.669859154929577727e+01,2.667999999999999972e+01
5.678197183098591694e+01,2.633999999999999986e+01
5.686535211267605661e+01,2.637999999999999901e+01
5.694873239436619627e+01,2.635999999999999943e+01
5.703211267605634305e+01,2.667999999999999972e+01
5.711549295774648272e+01,2.700000000000000000e+01
5.719887323943662238e+01,2.707999999999999829e+01
5.728225352112676205e+01,2.750000000000000000e+01
5.736563380281690172e+01,2.728000000000000114e+01
5.744901408450704139e+01,2.753999999999999915e+01
5.753239436619718816e+01,2.692000000000000171e+01
5.761577464788732783e+01,2.678000000000000114e+01
5.769915492957746750e+01,2.660000000000000142e+01
5.778253521126760717e+01,2.700000000000000000e+01
5.786591549295774684e+01,2.660999999999999943e+01
5.794929577464788650e+01,2.683999999999999986e+01
5.803267605633803328e+01,2.705000000000000071e+01
5.811605633802817295e+01,2.696999999999999886e+01
5.819943661971831261e+01,2.701000000000000156e+01
5.828281690140845228e+01,2.755000000000000071e+01
5.836619718309859195e+01,2.782999999999999829e+01
5.844957746478873162e+01,2.742999999999999972e+01
5.853295774647887839e+01,2.725000000000000000e+01
5.861633802816901806e+01,2.658999999999999986e+01
5.869971830985915773e+01,2.662000000000000099e+01
5.878309859154929740e+01,2.660999999999999943e+01
5.886647887323943706e+01,2.648999999999999844e+01
5.894985915492957673e+01,2.655999999999999872e+01
5.903323943661972351e+01,2.642999999999999972e+01
5.911661971830986317e+01,2.669000000000000128e+01
5.920000000000000284e+01,2.710999999999999943e+01
5.928338028169014251e+01,2.762000000000000099e+01
5.936676056338028218e+01,2.769999999999999929e+01
5.945014084507042185e+01,2.780999999999999872e+01
5.953352112676056862e+01,2.721000000000000085e+01
5.961690140845070829e+01,2.698000000000000043e+01
5.970028169014084796e+01,2.705000000000000071e+01
5.978366197183098762e+01,2.712999999999999901e+01
5.986704225352112729e+01,2.683999999999999986e+01
5.995042253521126696e+01,2.721999999999999886e+01
6.003380281690141373e+01,2.692999999999999972e+01
6.011718309859155340e+01,2.714999999999999858e+01
6.020056338028169307e+01,2.755000000000000071e+01
6.028394366197183274e+01,2.817999999999999972e+01
6.036732394366197241e+01,2.782999999999999829e+01
6.045070422535211208e+01,2.794999999999999929e+01
6.053408450704225885e+01,2.785999999999999943e+01
6.061746478873239852e+01,2.755999999999999872e+01
6.070084507042253819e+01,2.803999999999999915e+01
6.078422535211267785e+01,2.787000000000000099e+01
6.086760563380281752e+01,2.844000000000000128e+01
6.095098591549295719e+01,2.800000000000000000e+01
6.103436619718310396e+01,2.807000000000000028e+01
6.111774647887324363e+01,2.810000000000000142e+01
6.120112676056338330e+01,2.844000000000000128e+01
6.128450704225352297e+01,2.873000000000000043e+01
6.136788732394366264e+01,2.848999999999999844e+01
6.145126760563380230e+01,2.816000000000000014e+01
6.153464788732394908e+01,2.762999999999999901e+01
6.161802816901408875e+01,2.701999999999999957e+01
6.170140845070422841e+01,2.632999999999999829e+01
6.178478873239436808e+01,2.651000000000000156e+01
6.186816901408450775e+01,2.637999999999999901e+01
6.195154929577464742e+01,2.630999999999999872e+01
6.203492957746479419e+01,2.616000000000000014e+01
6.211830985915493386e+01,2.657000000000000028e+01
6.220169014084507353e+01,2.751000000000000156e+01
6.228507042253521320e+01,2.801999999999999957e+01
6.236845070422535287e+01,2.814000000000000057e+01
6.245183098591549253e+01,2.787000000000000099e+01
6.253521126760563931e+01,2.710999999999999943e+01
6.261859154929577898e+01,2.696999999999999886e+01
6.270197183098591864e+01,2.676999999999999957e+01
6.278535211267605831e+01,2.675000000000000000e+01
6.286873239436619798e+01,2.660999999999999943e+01
6.295211267605633765e+01,2.617999999999999972e+01
6.303549295774648442e+01,2.635999999999999943e+01
6.311887323943662409e+01,2.667999999999999972e+01
6.320225352112676376e+01,2.705000000000000071e+01
6.328563380281690343e+01,2.778000000000000114e+01
6.336901408450704309e+01,2.746000000000000085e+01
6.345239436619718276e+01,2.682999999999999829e+01
6.353577464788732954e+01,2.655999999999999872e+01
6.361915492957746920e+01,2.592999999999999972e+01
6.370253521126760887e+01,2.598000000000000043e+01
6.378591549295774854e+01,2.562999999999999901e+01
6.386929577464788821e+01,2.558999999999999986e+01
6.395267605633802788e+01,2.537999999999999901e+01
6.403605633802817465e+01,2.564000000000000057e+01
6.411943661971831432e+01,2.589000000000000057e+01
6.420281690140845399e+01,2.630999999999999872e+01
6.428619718309859365e+01,2.735000000000000142e+01
6.436957746478873332e+01,2.737000000000000099e+01
6.445295774647887299e+01,2.735000000000000142e+01
6.453633802816901266e+01,2.680000000000000071e+01
6.461971830985915233e+01,2.655000000000000071e+01
6.470309859154929200e+01,2.623000000000000043e+01
6.478647887323943166e+01,2.648000000000000043e+01
6.486985915492958554e+01,2.653999999999999915e+01
6.495323943661972521e+01,2.633999999999999986e+01
6.503661971830986488e+01,2.626000000000000156e+01
6.512000000000000455e+01,2.657000000000000028e+01
6.520338028169014422e+01,2.698000000000000043e+01
6.528676056338028388e+01,2.744999999999999929e+01
6.537014084507042355e+01,2.732000000000000028e+01
6.545352112676056322e+01,2.728000000000000114e+01
6.553690140845070289e+01,2.657999999999999829e+01
6.562028169014084256e+01,2.692999999999999972e+01
6.570366197183098222e+01,2.682999999999999829e+01
6.578704225352112189e+01,2.701000000000000156e+01
6.587042253521127577e+01,2.694000000000000128e+01
6.595380281690141544e+01,2.655000000000000071e+01
6.603718309859155511e+01,2.732000000000000028e+01
6.612056338028169478e+01,2.725000000000000000e+01
6.620394366197183444e+01,2.726000000000000156e+01
6.628732394366197411e+01,2.805999999999999872e+01
6.637070422535211378e+01,2.780000000000000071e+01
6.645408450704225345e+01,2.732999999999999829e+01
6.653746478873239312e+01,2.687999999999999901e+01
6.662084507042253279e+01,2.655000000000000071e+01
6.670422535211267245e+01,2.664999999999999858e+01
6.678760563380281212e+01,2.712000000000000099e+01
6.687098591549296600e+01,2.662000000000000099e+01
6.695436619718310567e+01,2.721999999999999886e+01
6.703774647887324534e+01,2.626999999999999957e+01
6.712112676056338501e+01,2.705999999999999872e+01
6.720450704225352467e+01,2.751000000000000156e+01
6.728788732394366434e+01,2.798000000000000043e+01
6.737126760563380401e+01,2.744000000000000128e+01
6.745464788732394368e+01,2.739000000000000057e+01
6.753802816901408335e+01,2.732000000000000028e+01
6.762140845070422301e+01,2.667000000000000171e+01
6.770478873239436268e+01,2.692999999999999972e+01
6.778816901408450235e+01,2.662999999999999901e+01
6.787154929577465623e+01,2.687000000000000099e+01
6.795492957746479590e+01,2.680000000000000071e+01
6.803830985915493557e+01,2.637000000000000099e+01
6.812169014084507523e+01,2.698999999999999844e+01
6.820507042253521490e+01,2.719999999999999929e+01
6.828845070422535457e+01,2.785999999999999943e+01
6.837183098591549424e+01,2.753000000000000114e+01
6.845521126760563391e+01,2.680000000000000071e+01
6.853859154929577358e+01,2.623999999999999844e+01
6.862197183098591324e+01,2.607000000000000028e+01
6.870535211267605291e+01,2.646999999999999886e+01
6.878873239436619258e+01,2.598000000000000043e+01
6.887211267605634646e+01,2.592999999999999972e+01
6.895549295774648613e+01,2.578999999999999915e+01
6.903887323943662579e+01,2.591000000000000014e+01
6.912225352112676546e+01,2.580999999999999872e+01
6.920563380281690513e+01,2.641000000000000014e+01
6.928901408450704480e+01,2.750000000000000000e+01
6.937239436619718447e+01,2.760999999999999943e+01
6.945577464788732414e+01,2.773999999999999844e+01
6.953915492957746380e+01,2.748000000000000043e+01
6.962253521126760347e+01,2.694000000000000128e+01
6.970591549295774314e+01,2.719000000000000128e+01
6.978929577464788281e+01,2.626999999999999957e+01
6.987267605633803669e+01,2.698000000000000043e+01
6.995605633802817636e+01,2.664000000000000057e+01
7.003943661971831602e+01,2.776000000000000156e+01
7.012281690140845569e+01,2.814000000000000057e+01
7.020619718309859536e+01,2.844000000000000128e+01
7.028957746478873503e+01,2.857000000000000028e+01
7.037295774647887470e+01,2.821000000000000085e+01
7.045633802816901436e+01,2.823999999999999844e+01
7.053971830985915403e+01,2.742999999999999972e+01
7.062309859154929370e+01,2.762999999999999901e+01
7.070647887323943337e+01,2.680000000000000071e+01
7.078985915492957304e+01,2.705999999999999872e+01
7.087323943661972692e+01,2.735000000000000142e+01
7.095661971830986658e+01,2.798000000000000043e+01
7.104000000000000625e+01,2.794999999999999929e+01
7.112338028169014592e+01,2.810999999999999943e+01
7.120676056338028559e+01,2.867000000000000171e+01
7.129014084507042526e+01,2.912999999999999901e+01
7.137352112676056493e+01,2.917999999999999972e+01
7.145690140845070459e+01,2.857000000000000028e+01
7.154028169014084426e+01,2.794999999999999929e+01
7.162366197183098393e+01,2.766000000000000014e+01
7.170704225352112360e+01,2.742999999999999972e+01
7.179042253521126327e+01,2.771999999999999886e+01
7.187380281690141715e+01,2.782999999999999829e+01
7.195718309859155681e+01,2.785999999999999943e+01
7.204056338028169648e+01,2.719000000000000128e+01
7.212394366197183615e+01,2.728999999999999915e+01
7.220732394366197582e+01,2.751000000000000156e+01
7.229070422535211549e+01,2.833999999999999986e+01
7.237408450704225515e+01,2.776000000000000156e+01
7.245746478873239482e+01,2.717000000000000171e+01
7.254084507042253449e+01,2.667000000000000171e+01
7.262422535211267416e+01,2.592000000000000171e+01
7.270760563380281383e+01,2.557999999999999829e+01
7.279098591549295350e+01,2.541000000000000014e+01
7.287436619718310737e+01,2.514999999999999858e+01
7.295774647887324704e+01,2.535000000000000142e+01
7.304112676056338671e+01,2.537999999999999901e+01
7.312450704225352638e+01,2.557999999999999829e+01
7.320788732394366605e+01,2.616000000000000014e+01
7.329126760563380572e+01,2.717000000000000171e+01
7.337464788732394538e+01,2.751000000000000156e+01
7.345802816901408505e+01,2.757999999999999829e+01
7.354140845070422472e+01,2.712999999999999901e+01
7.362478873239436439e+01,2.692999999999999972e+01
7.370816901408450406e+01,2.651999999999999957e+01
7.379154929577464372e+01,2.628999999999999915e+01
7.387492957746479760e+01,2.616000000000000014e+01
7.395830985915493727e+01,2.617000000000000171e+01
7.404169014084507694e+01,2.614999999999999858e+01
7.412507042253521661e+01,2.692000000000000171e+01
7.420845070422535628e+01,2.705000000000000071e+01
7.429183098591549594e+01,2.787999999999999901e+01
7.437521126760563561e+01,2.800000000000000000e+01
7.445859154929577528e+01,2.771999999999999886e+01
7.454197183098591495e+01,2.730000000000000071e+01
7.462535211267605462e+01,2.687999999999999901e+01
7.470873239436619428e+01,2.644000000000000128e+01
7.479211267605633395e+01,2.651000000000000156e+01
7.487549295774648783e+01,2.630999999999999872e+01
7.495887323943662750e+01,2.632999999999999829e+01
7.504225352112676717e+01,2.621999999999999886e+01
7.512563380281690684e+01,2.628999999999999915e+01
7.520901408450704650e+01,2.646999999999999886e+01
7.529239436619718617e+01,2.701000000000000156e+01
7.537577464788732584e+01,2.741000000000000014e+01
7.545915492957746551e+01,2.708999999999999986e+01
7.554253521126760518e+01,2.662000000000000099e+01
7.562591549295774485e+01,2.603000000000000114e+01
7.570929577464788451e+01,2.592999999999999972e+01
7.579267605633802418e+01,2.587000000000000099e+01
7.587605633802817806e+01,2.623000000000000043e+01
7.595943661971831773e+01,2.605000000000000071e+01
7.604281690140845740e+01,2.614000000000000057e+01
7.612619718309859707e+01,2.653000000000000114e+01
7.620957746478873673e+01,2.689999999999999858e+01
7.629295774647887640e+01,2.728999999999999915e+01
7.637633802816901607e+01,2.746999999999999886e+01
7.645971830985915574e+01,2.782999999999999829e+01
7.654309859154929541e+01,2.726000000000000156e+01
7.662647887323943507e+01,2.635999999999999943e+01
7.670985915492957474e+01,2.655999999999999872e+01
7.679323943661971441e+01,2.673000000000000043e+01
7.687661971830986829e+01,2.646999999999999886e+01
7.696000000000000796e+01,2.660999999999999943e+01
7.704338028169014763e+01,2.696999999999999886e+01
7.712676056338028729e+01,2.662999999999999901e+01
7.721014084507042696e+01,2.753999999999999915e+01
7.729352112676056663e+01,2.769999999999999929e+01
7.737690140845070630e+01,2.732000000000000028e+01
7.746028169014084597e+01,2.775000000000000000e+01
7.754366197183098564e+01,2.682999999999999829e+01
7.762704225352112530e+01,2.651000000000000156e+01
7.771042253521126497e+01,2.569999999999999929e+01
7.779380281690140464e+01,2.592000000000000171e+01
7.787718309859155852e+01,2.592999999999999972e+01
7.796056338028169819e+01,2.676999999999999957e+01
7.804394366197183786e+01,2.662999999999999901e+01
7.812732394366197752e+01,2.712999999999999901e+01
7.821070422535211719e+01,2.789000000000000057e+01
7.829408450704225686e+01,2.801999999999999957e+01
7.837746478873239653e+01,2.817000000000000171e+01
7.846084507042253620e+01,2.775000000000000000e+01
7.854422535211267586e+01,2.716000000000000014e+01
7.862760563380281553e+01,2.685000000000000142e+01
7.871098591549295520e+01,2.673000000000000043e+01
7.879436619718309487e+01,2.605999999999999872e+01
7.887774647887324875e+01,2.635000000000000142e+01
7.896112676056338842e+01,2.696000000000000085e+01
7.904450704225352808e+01,2.612000000000000099e+01
7.912788732394366775e+01,2.701999999999999957e+01
7.921126760563380742e+01,2.669999999999999929e+01
7.929464788732394709e+01,2.796000000000000085e+01
7.937802816901408676e+01,2.778999999999999915e+01
7.946140845070422642e+01,2.696999999999999886e+01
7.954478873239436609e+01,2.683999999999999986e+01
7.962816901408450576e+01,2.655999999999999872e+01
7.971154929577464543e+01,2.610000000000000142e+01
7.979492957746478510e+01,2.601000000000000156e+01
7.987830985915493898e+01,2.532999999999999829e+01
7.996169014084507864e+01,2.539000000000000057e+01
8.004507042253521831e+01,2.553000000000000114e+01
8.012845070422535798e+01,2.526000000000000156e+01
8.021183098591549765e+01,2.617999999999999972e+01
8.029521126760563732e+01,2.685999999999999943e+01
8.037859154929577699e+01,2.655999999999999872e+01
8.046197183098591665e+01,2.682000000000000028e+01
8.054535211267605632e+01,2.614000000000000057e+01
8.062873239436619599e+01,2.623999999999999844e+01
8.071211267605633566e+01,2.564999999999999858e+01
8.079549295774647533e+01,2.589999999999999858e+01
8.087887323943662921e+01,2.526999999999999957e+01
8.096225352112676887e+01,2.555000000000000071e+01
8.104563380281690854e+01,2.544999999999999929e+01
8.112901408450704821e+01,2.601999999999999957e+01
8.121239436619718788e+01,2.648000000000000043e+01
8.129577464788732755e+01,2.760000000000000142e+01
8.137915492957746721e+01,2.776999999999999957e+01
8.146253521126760688e+01,2.760000000000000142e+01
8.154591549295774655e+01,2.787999999999999901e+01
8.162929577464788622e+01,2.776999999999999957e+01
8.171267605633802589e+01,2.742000000000000171e+01
8.179605633802816556e+01,2.751999999999999957e+01
8.187943661971831943e+01,2.744000000000000128e+01
8.196281690140845910e+01,2.730000000000000071e+01
8.204619718309859877e+01,2.696999999999999886e+01
8.212957746478873844e+01,2.700000000000000000e+01
8.221295774647887811e+01,2.730000000000000071e+01
8.229633802816901778e+01,2.817999999999999972e+01
8.237971830985915744e+01,2.748000000000000043e+01
8.246309859154929711e+01,2.703000000000000114e+01
8.254647887323943678e+01,2.662999999999999901e+01
8.262985915492957645e+01,2.644999999999999929e+01
8.271323943661971612e+01,2.639999999999999858e+01
8.279661971830985578e+01,2.669999999999999929e+01
8.288000000000000966e+01,2.632999999999999829e+01
8.296338028169014933e+01,2.603999999999999915e+01
8.304676056338028900e+01,2.694000000000000128e+01
8.313014084507042867e+01,2.700000000000000000e+01
8.321352112676056834e+01,2.748000000000000043e+01
8.329690140845070800e+01,2.853999999999999915e+01
8.338028169014084767e+01,2.821000000000000085e+01
8.346366197183098734e+01,2.810000000000000142e+01
8.354704225352112701e+01,2.742000000000000171e+01
8.363042253521126668e+01,2.691000000000000014e+01
8.371380281690140635e+01,2.742000000000000171e+01
8.379718309859154601e+01,2.683999999999999986e+01
8.388056338028169989e+01,2.696000000000000085e+01
8.396394366197183956e+01,2.673999999999999844e+01
8.404732394366197923e+01,2.696999999999999886e+01
8.413070422535211890e+01,2.698000000000000043e+01
8.421408450704225856e+01,2.726999999999999957e+01
8.429746478873239823e+01,2.744999999999999929e+01
8.438084507042253790e+01,2.733999999999999986e+01
8.446422535211267757e+01,2.687999999999999901e+01
8.454760563380281724e+01,2.619999999999999929e+01
8.463098591549295691e+01,2.580000000000000071e+01
8.471436619718309657e+01,2.571999999999999886e+01
8.479774647887323624e+01,2.582000000000000028e+01
8.488112676056339012e+01,2.548999999999999844e+01
8.496450704225352979e+01,2.578999999999999915e+01
8.504788732394366946e+01,2.592000000000000171e+01
8.513126760563380913e+01,2.598000000000000043e+01
8.521464788732394879e+01,2.646000000000000085e+01
8.529802816901408846e+01,2.682000000000000028e+01
8.538140845070422813e+01,2.664000000000000057e+01
8.546478873239436780e+01,2.648999999999999844e+01
8.554816901408450747e+01,2.591000000000000014e+01
8.563154929577464713e+01,2.596000000000000085e+01
8.571492957746478680e+01,2.542000000000000171e+01
8.579830985915492647e+01,2.514000000000000057e+01
8.588169014084506614e+01,2.475000000000000000e+01
8.596507042253522002e+01,2.507000000000000028e+01
8.604845070422535969e+01,2.535000000000000142e+01
8.613183098591549935e+01,2.578999999999999915e+01
8.621521126760563902e+01,2.632000000000000028e+01
8.629859154929577869e+01,2.698999999999999844e+01
8.638197183098591836e+01,2.728000000000000114e+01
8.646535211267605803e+01,2.685000000000000142e+01
8.654873239436619770e+01,2.628000000000000114e+01
8.663211267605633736e+01,2.605999999999999872e+01
8.671549295774647703e+01,2.583999999999999986e+01
8.679887323943661670e+01,2.603999999999999915e+01
8.688225352112675637e+01,2.564000000000000057e+01
8.696563380281691025e+01,2.601000000000000156e+01
8.704901408450704992e+01,2.601999999999999957e+01
8.713239436619718958e+01,2.651999999999999957e+01
8.721577464788732925e+01,2.733999999999999986e+01
8.729915492957746892e+01,2.819000000000000128e+01
8.738253521126760859e+01,2.830999999999999872e+01
8.746591549295774826e+01,2.821999999999999886e+01
8.754929577464788792e+01,2.791000000000000014e+01
8.763267605633802759e+01,2.766000000000000014e+01
8.771605633802816726e+01,2.728000000000000114e+01
8.779943661971830693e+01,2.748000000000000043e+01
8.788281690140844660e+01,2.773999999999999844e+01
8.796619718309860048e+01,2.776000000000000156e+01
8.804957746478874014e+01,2.812000000000000099e+01
8.813295774647887981e+01,2.816000000000000014e+01
8.821633802816901948e+01,2.825000000000000000e+01
8.829971830985915915e+01,2.807999999999999829e+01
8.838309859154929882e+01,2.819000000000000128e+01
8.846647887323943849e+01,2.798999999999999844e+01
8.854985915492957815e+01,2.726000000000000156e+01
8.863323943661971782e+01,2.712000000000000099e+01
8.871661971830985749e+01,2.644000000000000128e+01
8.879999999999999716e+01,2.669999999999999929e+01
8.888338028169013683e+01,2.671000000000000085e+01
8.896676056338029071e+01,2.689000000000000057e+01
8.905014084507043037e+01,2.701000000000000156e+01
8.913352112676057004e+01,2.726000000000000156e+01
8.921690140845070971e+01,2.751999999999999957e+01
8.930028169014084938e+01,2.803999999999999915e+01
8.938366197183098905e+01,2.785000000000000142e+01
8.946704225352112871e+01,2.735999999999999943e+01
8.955042253521126838e+01,2.694999999999999929e+01
8.963380281690140805e+01,2.646999999999999886e+01
8.971718309859154772e+01,2.621999999999999886e+01
8.980056338028168739e+01,2.683999999999999986e+01
8.988394366197182705e+01,2.648000000000000043e+01
8.996732394366198093e+01,2.653999999999999915e+01
9.005070422535212060e+01,2.660000000000000142e+01
9.013408450704226027e+01,2.651999999999999957e+01
9.021746478873239994e+01,2.717000000000000171e+01
9.030084507042253961e+01,2.778000000000000114e+01
9.038422535211267927e+01,2.792000000000000171e+01
9.046760563380281894e+01,2.748000000000000043e+01
9.055098591549295861e+01,2.698000000000000043e+01
9.063436619718309828e+01,2.687000000000000099e+01
9.071774647887323795e+01,2.678999999999999915e+01
9.080112676056337762e+01,2.667000000000000171e+01
9.088450704225351728e+01,2.626999999999999957e+01
9.096788732394367116e+01,2.660000000000000142e+01
9.105126760563381083e+01,2.642999999999999972e+01
9.113464788732395050e+01,2.680000000000000071e+01
9.121802816901409017e+01,2.716000000000000014e+01
9.130140845070422984e+01,2.789999999999999858e+01
9.138478873239436950e+01,2.785999999999999943e+01
9.146816901408450917e+01,2.778999999999999915e+01
9.155154929577464884e+01,2.689999999999999858e+01
9.163492957746478851e+01,2.662000000000000099e+01
9.171830985915492818e+01,2.623000000000000043e+01
9.180169014084506784e+01,2.601999999999999957e+01
9.188507042253520751e+01,2.646000000000000085e+01
9.196845070422536139e+01,2.630000000000000071e+01
9.205183098591550106e+01,2.632999999999999829e+01
9.213521126760564073e+01,2.660000000000000142e+01
9.221859154929578040e+01,2.685000000000000142e+01
9.230197183098592006e+01,2.744999999999999929e+01
9.238535211267605973e+01,2.744999999999999929e+01
9.246873239436619940e+01,2.746999999999999886e+01
9.255211267605633907e+01,2.692000000000000171e+01
9.263549295774647874e+01,2.673999999999999844e+01
9.271887323943661841e+01,2.619000000000000128e+01
9.280225352112675807e+01,2.641000000000000014e+01
9.288563380281689774e+01,2.621999999999999886e+01
9.296901408450705162e+01,2.608999999999999986e+01
9.305239436619719129e+01,2.626000000000000156e+01
9.313577464788733096e+01,2.650000000000000000e+01
9.321915492957747063e+01,2.719999999999999929e+01
9.330253521126761029e+01,2.771000000000000085e+01
9.338591549295774996e+01,2.785999999999999943e+01
9.346929577464788963e+01,2.780999999999999872e+01
9.355267605633802930e+01,2.794999999999999929e+01
9.363605633802816897e+01,2.778000000000000114e+01
9.371943661971830863e+01,2.739999999999999858e+01
9.380281690140844830e+01,2.757000000000000028e+01
9.388619718309858797e+01,2.739999999999999858e+01
9.396957746478874185e+01,2.762999999999999901e+01
9.405295774647888152e+01,2.732999999999999829e+01
9.413633802816902119e+01,2.730999999999999872e+01
9.421971830985916085e+01,2.710000000000000142e+01
9.430309859154930052e+01,2.723999999999999844e+01
9.438647887323944019e+01,2.712999999999999901e+01
9.446985915492957986e+01,2.680999999999999872e+01
9.455323943661971953e+01,2.657999999999999829e+01
9.463661971830985919e+01,2.610999999999999943e+01
9.471999999999999886e+01,2.582000000000000028e+01
9.480338028169013853e+01,2.573000000000000043e+01
9.488676056338027820e+01,2.555000000000000071e+01
9.497014084507043208e+01,2.551999999999999957e+01
9.505352112676057175e+01,2.601000000000000156e+01
9.513690140845071141e+01,2.641000000000000014e+01
9.522028169014085108e+01,2.692000000000000171e+01
9.530366197183099075e+01,2.767999999999999972e+01
9.538704225352113042e+01,2.805000000000000071e+01
9.547042253521127009e+01,2.814000000000000057e+01
9.555380281690140976e+01,2.803000000000000114e+01
9.563718309859154942e+01,2.812000000000000099e+01
9.572056338028168909e+01,2.801000000000000156e+01
9.580394366197182876e+01,2.833999999999999986e+01
9.588732394366196843e+01,2.819999999999999929e+01
9.597070422535212231e+01,2.803999999999999915e+01
9.605408450704226198e+01,2.771000000000000085e+01
9.613746478873240164e+01,2.758999999999999986e+01
9.622084507042254131e+01,2.807999999999999829e+01
9.630422535211268098e+01,2.830999999999999872e+01
9.638760563380282065e+01,2.780999999999999872e+01
9.647098591549296032e+01,2.782000000000000028e+01
9.655436619718309998e+01,2.744999999999999929e+01
9.663774647887323965e+01,2.676999999999999957e+01
9.672112676056337932e+01,2.669999999999999929e+01
9.680450704225351899e+01,2.669000000000000128e+01
9.688788732394365866e+01,2.628000000000000114e+01
9.697126760563381254e+01,2.632000000000000028e+01
9.705464788732395220e+01,2.601999999999999957e+01
9.713802816901409187e+01,2.619999999999999929e+01
9.722140845070423154e+01,2.678999999999999915e+01
9.730478873239437121e+01,2.723999999999999844e+01
9.738816901408451088e+01,2.762999999999999901e+01
9.747154929577465055e+01,2.755999999999999872e+01
9.755492957746479021e+01,2.712000000000000099e+01
9.763830985915492988e+01,2.657000000000000028e+01
9.772169014084506955e+01,2.617000000000000171e+01
9.780507042253520922e+01,2.635000000000000142e+01
9.788845070422534889e+01,2.632000000000000028e+01
9.797183098591550277e+01,2.623999999999999844e+01
9.805521126760564243e+01,2.598000000000000043e+01
9.813859154929578210e+01,2.601999999999999957e+01
9.822197183098592177e+01,2.650000000000000000e+01
9.830535211267606144e+01,2.730000000000000071e+01
9.838873239436620111e+01,2.742999999999999972e+01
9.847211267605634077e+01,2.787000000000000099e+01
9.855549295774648044e+01,2.753999999999999915e+01
9.863887323943662011e+01,2.719999999999999929e+01
9.872225352112675978e+01,2.680000000000000071e+01
9.880563380281689945e+01,2.705000000000000071e+01
9.888901408450703912e+01,2.742000000000000171e+01
9.897239436619719299e+01,2.735000000000000142e+01
9.905577464788733266e+01,2.748000000000000043e+01
9.913915492957747233e+01,2.778999999999999915e+01
9.922253521126761200e+01,2.785999999999999943e+01
9.930591549295775167e+01,2.810000000000000142e+01
9.938929577464789134e+01,2.825000000000000000e+01
9.947267605633803100e+01,2.794999999999999929e+01
9.955605633802817067e+01,2.732000000000000028e+01
9.963943661971831034e+01,2.739000000000000057e+01
9.972281690140845001e+01,2.721999999999999886e+01
9.980619718309858968e+01,2.739000000000000057e+01
9.988957746478872934e+01,2.739999999999999858e+01
9.997295774647888322e+01,2.726999999999999957e+01
1.000563380281690229e+02,2.712999999999999901e+01
1.001397183098591626e+02,2.712000000000000099e+01
1.002230985915493022e+02,2.751999999999999957e+01
1.003064788732394419e+02,2.794999999999999929e+01
1.003898591549295816e+02,2.787000000000000099e+01
1.004732394366197212e+02,2.737999999999999901e+01
1.005566197183098609e+02,2.625000000000000000e+01
1.006400000000000006e+02,2.592000000000000171e+01
1.007233802816901402e+02,2.596999999999999886e+01
1.008067605633802799e+02,2.607999999999999829e+01
1.008901408450704196e+02,2.580999999999999872e+01
1.009735211267605735e+02,2.546999999999999886e+01
1.010569014084507131e+02,2.510999999999999943e+01
1.011402816901408528e+02,2.548000000000000043e+01
1.012236619718309925e+02,2.596000000000000085e+01
1.013070422535211321e+02,2.680000000000000071e+01
1.013904225352112718e+02,2.703999999999999915e+01
1.014738028169014115e+02,2.691000000000000014e+01
1.015571830985915511e+02,2.658999999999999986e+01
1.016405633802816908e+02,2.621999999999999886e+01
1.017239436619718305e+02,2.600000000000000000e+01
1.018073239436619701e+02,2.594999999999999929e+01
1.018907042253521098e+02,2.580000000000000071e+01
1.019740845070422637e+02,2.569000000000000128e+01
1.020574647887324033e+02,2.600000000000000000e+01
1.021408450704225430e+02,2.655000000000000071e+01
1.022242253521126827e+02,2.700000000000000000e+01
1.023076056338028224e+02,2.798000000000000043e+01
1.023909859154929620e+02,2.819000000000000128e+01
1.024743661971831017e+02,2.835000000000000142e+01
1.025577464788732414e+02,2.805999999999999872e+01
1.026411267605633810e+02,2.817999999999999972e+01
1.027245070422535207e+02,2.794000000000000128e+01
1.028078873239436604e+02,2.850000000000000000e+01
1.028912676056338000e+02,2.853000000000000114e+01
1.029746478873239539e+02,2.878000000000000114e+01
1.030580281690140936e+02,2.817999999999999972e+01
1.031414084507042332e+02,2.783999999999999986e+01
1.032247887323943729e+02,2.782999999999999829e+01
1.033081690140845126e+02,2.769999999999999929e+01
1.033915492957746523e+02,2.730000000000000071e+01
1.034749295774647919e+02,2.682999999999999829e+01
1.035583098591549316e+02,2.607999999999999829e+01
1.036416901408450713e+02,2.566000000000000014e+01
1.037250704225352109e+02,2.535000000000000142e+01
1.038084507042253506e+02,2.514999999999999858e+01
1.038918309859154903e+02,2.457999999999999829e+01
1.039752112676056441e+02,2.441000000000000014e+01
1.040585915492957838e+02,2.455999999999999872e+01
1.041419718309859235e+02,2.526000000000000156e+01
1.042253521126760631e+02,2.582000000000000028e+01
1.043087323943662028e+02,2.676999999999999957e+01
1.043921126760563425e+02,2.707000000000000028e+01
1.044754929577464821e+02,2.698999999999999844e+01
1.045588732394366218e+02,2.657999999999999829e+01
1.046422535211267615e+02,2.655999999999999872e+01
1.047256338028169012e+02,2.639999999999999858e+01
1.048090140845070408e+02,2.598000000000000043e+01
1.048923943661971805e+02,2.569999999999999929e+01
1.049757746478873344e+02,2.573000000000000043e+01
1.050591549295774740e+02,2.621000000000000085e+01
1.051425352112676137e+02,2.642999999999999972e+01
1.052259154929577534e+02,2.666000000000000014e+01
1.053092957746478930e+02,2.717999999999999972e+01
1.053926760563380327e+02,2.687000000000000099e+01
1.054760563380281724e+02,2.642999999999999972e+01
1.055594366197183120e+02,2.598999999999999844e+01
1.056428169014084517e+02,2.571999999999999886e+01
1.057261971830985914e+02,2.530999999999999872e+01
1.058095774647887310e+02,2.526000000000000156e+01
1.058929577464788707e+02,2.519000000000000128e+01
1.059763380281690246e+02,2.494999999999999929e+01
1.060597183098591643e+02,2.478000000000000114e+01
1.061430985915493039e+02,2.571000000000000085e+01
1.062264788732394436e+02,2.657999999999999829e+01
1.063098591549295833e+02,2.735000000000000142e+01
1.063932394366197229e+02,2.737000000000000099e+01
1.064766197183098626e+02,2.769000000000000128e+01
1.065600000000000023e+02,2.737999999999999901e+01
1.066433802816901419e+02,2.717999999999999972e+01
1.067267605633802816e+02,2.732000000000000028e+01
1.068101408450704213e+02,2.758999999999999986e+01
1.068935211267605609e+02,2.753999999999999915e+01
1.069769014084507006e+02,2.723000000000000043e+01
1.070602816901408545e+02,2.742000000000000171e+01
1.071436619718309942e+02,2.730999999999999872e+01
1.072270422535211338e+02,2.764999999999999858e+01
1.073104225352112735e+02,2.751999999999999957e+01
1.073938028169014132e+02,2.783999999999999986e+01
1.074771830985915528e+02,2.805000000000000071e+01
1.075605633802816925e+02,2.767000000000000171e+01
1.076439436619718322e+02,2.712999999999999901e+01
1.077273239436619718e+02,2.719000000000000128e+01
1.078107042253521115e+02,2.762000000000000099e+01
1.078940845070422512e+02,2.769000000000000128e+01
1.079774647887323908e+02,2.767000000000000171e+01
1.080608450704225447e+02,2.730000000000000071e+01
1.081442253521126844e+02,2.726999999999999957e+01
1.082276056338028241e+02,2.732000000000000028e+01
1.083109859154929637e+02,2.739999999999999858e+01
1.083943661971831034e+02,2.737000000000000099e+01
1.084777464788732431e+02,2.723000000000000043e+01
1.085611267605633827e+02,2.675000000000000000e+01
1.086445070422535224e+02,2.626000000000000156e+01
1.087278873239436621e+02,2.614999999999999858e+01
1.088112676056338017e+02,2.639000000000000057e+01
1.088946478873239414e+02,2.650000000000000000e+01
1.089780281690140811e+02,2.666000000000000014e+01
1.090614084507042350e+02,2.662999999999999901e+01
1.091447887323943746e+02,2.685999999999999943e+01
1.092281690140845143e+02,2.737999999999999901e+01
1.093115492957746540e+02,2.794000000000000128e+01
1.093949295774647936e+02,2.776999999999999957e+01
1.094783098591549333e+02,2.771999999999999886e+01
1.095616901408450730e+02,2.701999999999999957e+01
1.096450704225352126e+02,2.708999999999999986e+01
1.097284507042253523e+02,2.723000000000000043e+01
1.098118309859154920e+02,2.705000000000000071e+01
1.098952112676056316e+02,2.700000000000000000e+01
1.099785915492957713e+02,2.728000000000000114e+01
1.100619718309859252e+02,2.712999999999999901e+01
1.101453521126760648e+02,2.708999999999999986e+01
1.102287323943662045e+02,2.735000000000000142e+01
1.103121126760563442e+02,2.796999999999999886e+01
1.103954929577464839e+02,2.800000000000000000e+01
1.104788732394366235e+02,2.805000000000000071e+01
1.105622535211267632e+02,2.725000000000000000e+01
1.106456338028169029e+02,2.664999999999999858e+01
1.107290140845070425e+02,2.662999999999999901e+01
1.108123943661971822e+02,2.662999999999999901e+01
1.108957746478873219e+02,2.675000000000000000e+01
1.109791549295774615e+02,2.694000000000000128e+01
1.110625352112676154e+02,2.612000000000000099e+01
1.111459154929577551e+02,2.630999999999999872e+01
1.112292957746478947e+02,2.723999999999999844e+01
1.113126760563380344e+02,2.760000000000000142e+01
1.113960563380281741e+02,2.776000000000000156e+01
1.114794366197183138e+02,2.753999999999999915e+01
1.115628169014084534e+02,2.678999999999999915e+01
1.116461971830985931e+02,2.669999999999999929e+01
1.117295774647887328e+02,2.667999999999999972e+01
1.118129577464788724e+02,2.669999999999999929e+01
1.118963380281690121e+02,2.639000000000000057e+01
1.119797183098591518e+02,2.664999999999999858e+01
1.120630985915493056e+02,2.653999999999999915e+01
1.121464788732394453e+02,2.664000000000000057e+01
1.122298591549295850e+02,2.723999999999999844e+01
1.123132394366197246e+02,2.801000000000000156e+01
1.123966197183098643e+02,2.851000000000000156e+01
1.124800000000000040e+02,2.860999999999999943e+01
1.125633802816901436e+02,2.785999999999999943e+01
1.126467605633802833e+02,2.780000000000000071e+01
1.127301408450704230e+02,2.814000000000000057e+01
1.128135211267605627e+02,2.873000000000000043e+01
1.128969014084507023e+02,2.871999999999999886e+01
1.129802816901408420e+02,2.892000000000000171e+01
1.130636619718309959e+02,2.901000000000000156e+01
1.131470422535211355e+02,2.898000000000000043e+01
1.132304225352112752e+02,2.894999999999999929e+01
1.133138028169014149e+02,2.889000000000000057e+01
1.133971830985915545e+02,2.898999999999999844e+01
1.134805633802816942e+02,2.830999999999999872e+01
1.135639436619718339e+02,2.710999999999999943e+01
1.136473239436619735e+02,2.675000000000000000e+01
1.137307042253521132e+02,2.626000000000000156e+01
1.138140845070422529e+02,2.569999999999999929e+01
1.138974647887323925e+02,2.551999999999999957e+01
1.139808450704225322e+02,2.564000000000000057e+01
1.140642253521126861e+02,2.578000000000000114e+01
1.141476056338028258e+02,2.623000000000000043e+01
1.142309859154929654e+02,2.678000000000000114e+01
1.143143661971831051e+02,2.717000000000000171e+01
1.143977464788732448e+02,2.721999999999999886e+01
1.144811267605633844e+02,2.678999999999999915e+01
1.145645070422535241e+02,2.682000000000000028e+01
1.146478873239436638e+02,2.646999999999999886e+01
1.147312676056338034e+02,2.639999999999999858e+01
1.148146478873239431e+02,2.589999999999999858e+01
1.148980281690140828e+02,2.548000000000000043e+01
1.149814084507042224e+02,2.505000000000000071e+01
1.150647887323943763e+02,2.569000000000000128e+01
1.151481690140845160e+02,2.585000000000000142e+01
1.152315492957746557e+02,2.630000000000000071e+01
1.153149295774647953e+02,2.678999999999999915e+01
1.153983098591549350e+02,2.696999999999999886e+01
1.154816901408450747e+02,2.692999999999999972e+01
1.155650704225352143e+02,2.662000000000000099e+01
1.156484507042253540e+02,2.637999999999999901e+01
1.157318309859154937e+02,2.617999999999999972e+01
1.158152112676056333e+02,2.608999999999999986e+01
1.158985915492957730e+02,2.621999999999999886e+01
1.159819718309859127e+02,2.619000000000000128e+01
1.160653521126760666e+02,2.578999999999999915e+01
1.161487323943662062e+02,2.612000000000000099e+01
1.162321126760563459e+02,2.675000000000000000e+01
1.163154929577464856e+02,2.735999999999999943e+01
1.163988732394366252e+02,2.739000000000000057e+01
1.164822535211267649e+02,2.760999999999999943e+01
1.165656338028169046e+02,2.737999999999999901e+01
1.166490140845070442e+02,2.710999999999999943e+01
1.167323943661971839e+02,2.733999999999999986e+01
1.168157746478873236e+02,2.762999999999999901e+01
1.168991549295774632e+02,2.769999999999999929e+01
1.169825352112676029e+02,2.755999999999999872e+01
1.170659154929577568e+02,2.776999999999999957e+01
1.171492957746478965e+02,2.794000000000000128e+01
1.172326760563380361e+02,2.850000000000000000e+01
1.173160563380281758e+02,2.866000000000000014e+01
1.173994366197183155e+02,2.876999999999999957e+01
1.174828169014084551e+02,2.892000000000000171e+01
1.175661971830985948e+02,2.855999999999999872e+01
1.176495774647887345e+02,2.835999999999999943e+01
1.177329577464788741e+02,2.828000000000000114e+01
1.178163380281690138e+02,2.810000000000000142e+01
1.178997183098591535e+02,2.794000000000000128e+01
1.179830985915492931e+02,2.764000000000000057e+01
1.180664788732394470e+02,2.726999999999999957e+01
1.181498591549295867e+02,2.710999999999999943e+01
1.182332394366197263e+02,2.753999999999999915e+01
1.183166197183098660e+02,2.728000000000000114e+01
1.184000000000000057e+02,2.682000000000000028e+01
1.184833802816901454e+02,2.623000000000000043e+01
1.185667605633802850e+02,2.569000000000000128e+01
1.186501408450704247e+02,2.542999999999999972e+01
1.187335211267605644e+02,2.542000000000000171e+01
1.188169014084507040e+02,2.464999999999999858e+01
1.189002816901408437e+02,2.448000000000000043e+01
1.189836619718309834e+02,2.460000000000000142e+01
1.190670422535211372e+02,2.462999999999999901e+01
1.191504225352112769e+02,2.539000000000000057e+01
1.192338028169014166e+02,2.592999999999999972e+01
1.193171830985915562e+02,2.666000000000000014e+01
1.194005633802816959e+02,2.705999999999999872e+01
1.194839436619718356e+02,2.703999999999999915e+01
1.195673239436619752e+02,2.676000000000000156e+01
1.196507042253521149e+02,2.628999999999999915e+01
1.197340845070422546e+02,2.637000000000000099e+01
1.198174647887323943e+02,2.632999999999999829e+01
1.199008450704225339e+02,2.635999999999999943e+01
1.199842253521126736e+02,2.646000000000000085e+01
1.200676056338028275e+02,2.660000000000000142e+01
1.201509859154929671e+02,2.712000000000000099e+01
1.202343661971831068e+02,2.746000000000000085e+01
1.203177464788732465e+02,2.803000000000000114e+01
1.204011267605633861e+02,2.819000000000000128e+01
1.204845070422535258e+02,2.769000000000000128e+01
1.205678873239436655e+02,2.737000000000000099e+01
1.206512676056338051e+02,2.705000000000000071e+01
1.207346478873239448e+02,2.687000000000000099e+01
1.208180281690140845e+02,2.685999999999999943e+01
1.209014084507042242e+02,2.673000000000000043e+01
1.209847887323943638e+02,2.689999999999999858e+01
1.210681690140845177e+02,2.708999999999999986e+01
1.211515492957746574e+02,2.707999999999999829e+01
1.212349295774647970e+02,2.735999999999999943e+01
1.213183098591549367e+02,2.798000000000000043e+01
1.214016901408450764e+02,2.830000000000000071e+01
1.214850704225352160e+02,2.833999999999999986e+01
1.215684507042253557e+02,2.783999999999999986e+01
1.216518309859154954e+02,2.730000000000000071e+01
1.217352112676056350e+02,2.698000000000000043e+01
1.218185915492957747e+02,2.764000000000000057e+01
1.219019718309859144e+02,2.778999999999999915e+01
1.219853521126760540e+02,2.819999999999999929e+01
1.220687323943662079e+02,2.819000000000000128e+01
1.221521126760563476e+02,2.839000000000000057e+01
1.222354929577464873e+02,2.876000000000000156e+01
1.223188732394366269e+02,2.917999999999999972e+01
1.224022535211267666e+02,2.912999999999999901e+01
1.224856338028169063e+02,2.821999999999999886e+01
1.225690140845070459e+02,2.750000000000000000e+01
1.226523943661971856e+02,2.673000000000000043e+01
1.227357746478873253e+02,2.660999999999999943e+01
1.228191549295774649e+02,2.639000000000000057e+01
1.229025352112676046e+02,2.651000000000000156e+01
1.229859154929577443e+02,2.662999999999999901e+01
1.230692957746478982e+02,2.685999999999999943e+01
1.231526760563380378e+02,2.717999999999999972e+01
1.232360563380281775e+02,2.773000000000000043e+01
1.233194366197183172e+02,2.867999999999999972e+01
1.234028169014084568e+02,2.878999999999999915e+01
1.234861971830985965e+02,2.832999999999999829e+01
1.235695774647887362e+02,2.755000000000000071e+01
1.236529577464788758e+02,2.703999999999999915e+01
1.237363380281690155e+02,2.701000000000000156e+01
1.238197183098591552e+02,2.708999999999999986e+01
1.239030985915492948e+02,2.694000000000000128e+01
1.239864788732394345e+02,2.676999999999999957e+01
1.240698591549295884e+02,2.660999999999999943e+01
1.241532394366197281e+02,2.660000000000000142e+01
1.242366197183098677e+02,2.719000000000000128e+01
1.243200000000000074e+02,2.780000000000000071e+01
1.244033802816901471e+02,2.800000000000000000e+01
1.244867605633802867e+02,2.796000000000000085e+01
1.245701408450704264e+02,2.737999999999999901e+01
1.246535211267605661e+02,2.739999999999999858e+01
1.247369014084507057e+02,2.714999999999999858e+01
1.248202816901408454e+02,2.762999999999999901e+01
1.249036619718309851e+02,2.778999999999999915e+01
1.249870422535211247e+02,2.780000000000000071e+01
1.250704225352112786e+02,2.767999999999999972e+01
1.251538028169014183e+02,2.764000000000000057e+01
1.252371830985915580e+02,2.775000000000000000e+01
1.253205633802816976e+02,2.803999999999999915e+01
1.254039436619718373e+02,2.789000000000000057e+01
1.254873239436619770e+02,2.776999999999999957e+01
1.255707042253521166e+02,2.726000000000000156e+01
1.256540845070422563e+02,2.650000000000000000e+01
1.257374647887323960e+02,2.617999999999999972e+01
1.258208450704225356e+02,2.601000000000000156e+01
1.259042253521126753e+02,2.587000000000000099e+01
1.259876056338028150e+02,2.585999999999999943e+01
1.260709859154929688e+02,2.592999999999999972e+01
1.261543661971831085e+02,2.610000000000000142e+01
1.262377464788732482e+02,2.678000000000000114e+01
1.263211267605633878e+02,2.742999999999999972e+01
1.264045070422535275e+02,2.746000000000000085e+01
1.264878873239436672e+02,2.757000000000000028e+01
1.265712676056338069e+02,2.707999999999999829e+01
1.266546478873239465e+02,2.657999999999999829e+01
1.267380281690140862e+02,2.641000000000000014e+01
1.268214084507042259e+02,2.646000000000000085e+01
1.269047887323943655e+02,2.635000000000000142e+01
1.269881690140845052e+02,2.616000000000000014e+01
1.270715492957746591e+02,2.614999999999999858e+01
1.271549295774647987e+02,2.653000000000000114e+01
1.272383098591549384e+02,2.719000000000000128e+01
1.273216901408450781e+02,2.810999999999999943e+01
1.274050704225352177e+02,2.873999999999999844e+01
1.274884507042253574e+02,2.883999999999999986e+01
1.275718309859154971e+02,2.882999999999999829e+01
1.276552112676056367e+02,2.880999999999999872e+01
1.277385915492957764e+02,2.885000000000000142e+01
1.278219718309859161e+02,2.901999999999999957e+01
1.279053521126760558e+02,2.907999999999999829e+01
1.279887323943661954e+02,2.889000000000000057e+01
1.280721126760563493e+02,2.900000000000000000e+01
1.281554929577464748e+02,2.883999999999999986e+01
1.282388732394366286e+02,2.875000000000000000e+01
1.283222535211267541e+02,2.867000000000000171e+01
1.284056338028169080e+02,2.855000000000000071e+01
1.284890140845070334e+02,2.730000000000000071e+01
1.285723943661971873e+02,2.648999999999999844e+01
1.286557746478873412e+02,2.603999999999999915e+01
1.287391549295774666e+02,2.592999999999999972e+01
1.288225352112676205e+02,2.553999999999999915e+01
1.289059154929577460e+02,2.542999999999999972e+01
1.289892957746478999e+02,2.507999999999999829e+01
1.290726760563380253e+02,2.505000000000000071e+01
1.291560563380281792e+02,2.535000000000000142e+01
1.292394366197183047e+02,2.633999999999999986e+01
1.293228169014084585e+02,2.696000000000000085e+01
1.294061971830985840e+02,2.698999999999999844e+01
1.294895774647887379e+02,2.673999999999999844e+01
1.295729577464788633e+02,2.639000000000000057e+01
1.296563380281690172e+02,2.589000000000000057e+01
1.297397183098591711e+02,2.591000000000000014e+01
1.298230985915492965e+02,2.569999999999999929e+01
1.299064788732394504e+02,2.523999999999999844e+01
1.299898591549295759e+02,2.503999999999999915e+01
1.300732394366197298e+02,2.478999999999999915e+01
1.301566197183098552e+02,2.523000000000000043e+01
1.302400000000000091e+02,2.600000000000000000e+01
1.303233802816901346e+02,2.696999999999999886e+01
1.304067605633802884e+02,2.707000000000000028e+01
1.304901408450704139e+02,2.692999999999999972e+01
1.305735211267605678e+02,2.664999999999999858e+01
1.306569014084507216e+02,2.651999999999999957e+01
1.307402816901408471e+02,2.635999999999999943e+01
1.308236619718310010e+02,2.617999999999999972e+01
1.309070422535211264e+02,2.591000000000000014e+01
1.309904225352112803e+02,2.567000000000000171e+01
1.310738028169014058e+02,2.569999999999999929e+01
1.311571830985915597e+02,2.612999999999999901e+01
1.312405633802816851e+02,2.678000000000000114e+01
1.313239436619718390e+02,2.746999999999999886e+01
1.314073239436619644e+02,2.757000000000000028e+01
1.314907042253521183e+02,2.757999999999999829e+01
1.315740845070422438e+02,2.723999999999999844e+01
1.316574647887323977e+02,2.680000000000000071e+01
1.317408450704225515e+02,2.646999999999999886e+01
1.318242253521126770e+02,2.646999999999999886e+01
1.319076056338028309e+02,2.637000000000000099e+01
1.319909859154929563e+02,2.612999999999999901e+01
1.320743661971831102e+02,2.644000000000000128e+01
1.321577464788732357e+02,2.676000000000000156e+01
1.322411267605633896e+02,2.735999999999999943e+01
1.323245070422535150e+02,2.791000000000000014e+01
1.324078873239436689e+02,2.807000000000000028e+01
1.324912676056337943e+02,2.837000000000000099e+01
1.325746478873239482e+02,2.780000000000000071e+01
1.326580281690141021e+02,2.757000000000000028e+01
1.327414084507042276e+02,2.757000000000000028e+01
1.328247887323943814e+02,2.789000000000000057e+01
1.329081690140845069e+02,2.805999999999999872e+01
1.329915492957746608e+02,2.800000000000000000e+01
1.330749295774647862e+02,2.755999999999999872e+01
1.331583098591549401e+02,2.739999999999999858e+01
1.332416901408450656e+02,2.773999999999999844e+01
1.333250704225352194e+02,2.773999999999999844e+01
1.334084507042253449e+02,2.733999999999999986e+01
1.334918309859154988e+02,2.750000000000000000e+01
1.335752112676056242e+02,2.737000000000000099e+01
1.336585915492957781e+02,2.692000000000000171e+01
1.337419718309859320e+02,2.689999999999999858e+01
1.338253521126760575e+02,2.719000000000000128e+01
1.339087323943662113e+02,2.705000000000000071e+01
1.339921126760563368e+02,2.691000000000000014e+01
1.340754929577464907e+02,2.683999999999999986e+01
1.341588732394366161e+02,2.692999999999999972e+01
1.342422535211267700e+02,2.716000000000000014e+01
1.343256338028168955e+02,2.782999999999999829e+01
1.344090140845070493e+02,2.796000000000000085e+01
1.344923943661971748e+02,2.782000000000000028e+01
1.345757746478873287e+02,2.764000000000000057e+01
1.346591549295774826e+02,2.753999999999999915e+01
1.347425352112676080e+02,2.742000000000000171e+01
1.348259154929577619e+02,2.746000000000000085e+01
1.349092957746478874e+02,2.726999999999999957e+01
1.349926760563380412e+02,2.730000000000000071e+01
1.350760563380281667e+02,2.714000000000000057e+01
1.351594366197183206e+02,2.701999999999999957e+01
1.352428169014084460e+02,2.753999999999999915e+01
1.353261971830985999e+02,2.805000000000000071e+01
1.354095774647887254e+02,2.816000000000000014e+01
1.354929577464788792e+02,2.791000000000000014e+01
1.355763380281690047e+02,2.721999999999999886e+01
1.356597183098591586e+02,2.682999999999999829e+01
1.357430985915493125e+02,2.667000000000000171e+01
1.358264788732394379e+02,2.658999999999999986e+01
1.359098591549295918e+02,2.621000000000000085e+01
1.359932394366197173e+02,2.582999999999999829e+01
1.360766197183098711e+02,2.560000000000000142e+01
1.361599999999999966e+02,2.605000000000000071e+01
1.362433802816901505e+02,2.653000000000000114e+01
1.363267605633802759e+02,2.746999999999999886e+01
1.364101408450704298e+02,2.776000000000000156e+01
1.364935211267605553e+02,2.778000000000000114e+01
1.365769014084507091e+02,2.725000000000000000e+01
1.366602816901408630e+02,2.725000000000000000e+01
1.367436619718309885e+02,2.737999999999999901e+01
1.368270422535211424e+02,2.748999999999999844e+01
1.369104225352112678e+02,2.764000000000000057e+01
1.369938028169014217e+02,2.769000000000000128e+01
1.370771830985915472e+02,2.717000000000000171e+01
1.371605633802817010e+02,2.687999999999999901e+01
1.372439436619718265e+02,2.710999999999999943e+01
1.373273239436619804e+02,2.760999999999999943e+01
1.374107042253521058e+02,2.746999999999999886e+01
1.374940845070422597e+02,2.751999999999999957e+01
1.375774647887323852e+02,2.685999999999999943e+01
1.376608450704225390e+02,2.630999999999999872e+01
1.377442253521126929e+02,2.571000000000000085e+01
1.378276056338028184e+02,2.532999999999999829e+01
1.379109859154929723e+02,2.507000000000000028e+01
1.379943661971830977e+02,2.498000000000000043e+01
1.380777464788732516e+02,2.478999999999999915e+01
1.381611267605633770e+02,2.507000000000000028e+01
1.382445070422535309e+02,2.608999999999999986e+01
1.383278873239436564e+02,2.687999999999999901e+01
1.384112676056338103e+02,2.721999999999999886e+01
1.384946478873239357e+02,2.723999999999999844e+01
1.385780281690140896e+02,2.719000000000000128e+01
1.386614084507042435e+02,2.682999999999999829e+01
1.387447887323943689e+02,2.646999999999999886e+01
1.388281690140845228e+02,2.642999999999999972e+01
1.389115492957746483e+02,2.628999999999999915e+01
1.389949295774648022e+02,2.569000000000000128e+01
1.390783098591549276e+02,2.557999999999999829e+01
1.391616901408450815e+02,2.605000000000000071e+01
1.392450704225352069e+02,2.653999999999999915e+01
1.393284507042253608e+02,2.751999999999999957e+01
1.394118309859154863e+02,2.803999999999999915e+01
1.394952112676056402e+02,2.817000000000000171e+01
1.395785915492957656e+02,2.791000000000000014e+01
1.396619718309859195e+02,2.748999999999999844e+01
1.397453521126760734e+02,2.742999999999999972e+01
1.398287323943661988e+02,2.769000000000000128e+01
1.399121126760563527e+02,2.814999999999999858e+01
1.399954929577464782e+02,2.839999999999999858e+01
1.400788732394366320e+02,2.800000000000000000e+01
1.401622535211267575e+02,2.794000000000000128e+01
1.402456338028169114e+02,2.832999999999999829e+01
1.403290140845070368e+02,2.832999999999999829e+01
1.404123943661971907e+02,2.771999999999999886e+01
1.404957746478873162e+02,2.707000000000000028e+01
1.405791549295774701e+02,2.633999999999999986e+01
1.406625352112676239e+02,2.555000000000000071e+01
1.407459154929577494e+02,2.519000000000000128e+01
1.408292957746479033e+02,2.507999999999999829e+01
1.409126760563380287e+02,2.507999999999999829e+01
1.409960563380281826e+02,2.494999999999999929e+01
1.410794366197183081e+02,2.487999999999999901e+01
1.411628169014084619e+02,2.550000000000000000e+01
1.412461971830985874e+02,2.626999999999999957e+01
1.413295774647887413e+02,2.703000000000000114e+01
1.414129577464788667e+02,2.733999999999999986e+01
1.414963380281690206e+02,2.742999999999999972e+01
1.415797183098591461e+02,2.700000000000000000e+01
1.416630985915493000e+02,2.621999999999999886e+01
1.417464788732394538e+02,2.598999999999999844e+01
1.418298591549295793e+02,2.580999999999999872e+01
1.419132394366197332e+02,2.555999999999999872e+01
1.419966197183098586e+02,2.553999999999999915e+01
1.420800000000000125e+02,2.564999999999999858e+01
1.421633802816901380e+02,2.614999999999999858e+01
1.422467605633802918e+02,2.678000000000000114e+01
1.423301408450704173e+02,2.748000000000000043e+01
1.424135211267605712e+02,2.769000000000000128e+01
1.424969014084506966e+02,2.782000000000000028e+01
1.425802816901408505e+02,2.766000000000000014e+01
1.426636619718310044e+02,2.753999999999999915e+01
1.427470422535211299e+02,2.719000000000000128e+01
1.428304225352112837e+02,2.696000000000000085e+01
1.429138028169014092e+02,2.698000000000000043e+01
1.429971830985915631e+02,2.644999999999999929e+01
1.430805633802816885e+02,2.616000000000000014e+01
1.431639436619718424e+02,2.635999999999999943e+01
1.432473239436619679e+02,2.712000000000000099e+01
1.433307042253521217e+02,2.769000000000000128e+01
1.434140845070422472e+02,2.758999999999999986e+01
1.434974647887324011e+02,2.735999999999999943e+01
1.435808450704225265e+02,2.694000000000000128e+01
1.436642253521126804e+02,2.658999999999999986e+01
1.437476056338028343e+02,2.666000000000000014e+01
1.438309859154929597e+02,2.648999999999999844e+01
1.439143661971831136e+02,2.664000000000000057e+01
1.439977464788732391e+02,2.650000000000000000e+01
1.440811267605633930e+02,2.616000000000000014e+01
1.441645070422535184e+02,2.630999999999999872e+01
1.442478873239436723e+02,2.719000000000000128e+01
1.443312676056337978e+02,2.805000000000000071e+01
1.444146478873239516e+02,2.832000000000000028e+01
1.444980281690140771e+02,2.816000000000000014e+01
1.445814084507042310e+02,2.735999999999999943e+01
1.446647887323943849e+02,2.701999999999999957e+01
1.447481690140845103e+02,2.712000000000000099e+01
1.448315492957746642e+02,2.721999999999999886e+01
1.449149295774647896e+02,2.753999999999999915e+01
1.449983098591549435e+02,2.735999999999999943e+01
1.450816901408450690e+02,2.717000000000000171e+01
1.451650704225352229e+02,2.733999999999999986e+01
1.452484507042253483e+02,2.773000000000000043e+01
1.453318309859155022e+02,2.867000000000000171e+01
1.454152112676056277e+02,2.889999999999999858e+01
1.454985915492957815e+02,2.896000000000000085e+01
1.455819718309859070e+02,2.878000000000000114e+01
1.456653521126760609e+02,2.875000000000000000e+01
1.457487323943662147e+02,2.876000000000000156e+01
1.458321126760563402e+02,2.894000000000000128e+01
1.459154929577464941e+02,2.923000000000000043e+01
1.459988732394366195e+02,2.914000000000000057e+01
1.460822535211267734e+02,2.914000000000000057e+01
1.461656338028168989e+02,2.887000000000000099e+01
1.462490140845070528e+02,2.885999999999999943e+01
1.463323943661971782e+02,2.882000000000000028e+01
1.464157746478873321e+02,2.832000000000000028e+01
1.464991549295774576e+02,2.775000000000000000e+01
1.465825352112676114e+02,2.696999999999999886e+01
1.466659154929577653e+02,2.639999999999999858e+01
1.467492957746478908e+02,2.628999999999999915e+01
1.468326760563380446e+02,2.598999999999999844e+01
1.469160563380281701e+02,2.601999999999999957e+01
1.469994366197183240e+02,2.607000000000000028e+01
1.470828169014084494e+02,2.623999999999999844e+01
1.471661971830986033e+02,2.675000000000000000e+01
1.472495774647887288e+02,2.717000000000000171e+01
1.473329577464788827e+02,2.798999999999999844e+01
1.474163380281690081e+02,2.817000000000000171e+01
1.474997183098591620e+02,2.791000000000000014e+01
1.475830985915492874e+02,2.744000000000000128e+01
1.476664788732394413e+02,2.669000000000000128e+01
1.477498591549295952e+02,2.619999999999999929e+01
1.478332394366197207e+02,2.621000000000000085e+01
1.479166197183098745e+02,2.580999999999999872e+01
1.480000000000000000e+02,2.573999999999999844e+01
